"V1","V2","V3","V4","V5","V6","V7","V8","V9","V10","V11","V12","V13","V14","V15","V16","V17","V18","V19","V20","V21","V22","V23","V24","V25","V26","V27","V28","V29","V30","V31","V32","V33","V34","V35","V36","V37","V38","V39","V40","V41","V42","V43","V44","V45","V46","V47","V48","V49","V50"
0.968383237935048,0.944394866911089,0.923862405087224,0.905574111614311,0.887519649839574,0.868010175100982,0.847276634139803,0.826204321050922,0.806016813464863,0.787457214550584,0.770567949060241,0.754409482128808,0.738241200567649,0.721681152709066,0.705025180255604,0.689000625466768,0.674087630088915,0.660222878781438,0.647116493104452,0.634003058482482,0.620674106397883,0.607393349540632,0.594539884304986,0.582559935998866,0.571496071167707,0.571496071167705,0.554959105885734,0.539070088929147,0.523446116542316,0.507862158701685,0.492490176499738,0.477860038346666,0.46424807445634,0.451633365340308,0.439578153625555,0.427521975579121,0.415082452823571,0.402652922588229,0.390855514317769,0.380351421933246,0.371202407535856,0.362599085747153,0.353489008460142,0.343341423018104,0.332031401701337,0.321468121908608,0.313311386209283,0.308249363099556,0.306492220089054,0.305963315219848
0.989800493712029,0.965426853299587,0.944147346547423,0.925009240529772,0.906196547226491,0.886100174545177,0.864985803858825,0.843599323432424,0.823087702400853,0.804126025709158,0.786758574747372,0.770112841456748,0.753525368097258,0.736649299343473,0.719736377648107,0.7034751182128,0.68826352978385,0.674054433473859,0.660596939003709,0.647170157937114,0.633581796347916,0.620087155948126,0.607012930112241,0.594783943749722,0.583442493399391,0.58344249339939,0.56651091005303,0.550226462103721,0.534255467970112,0.518382160612651,0.502753979942616,0.487866383563876,0.473953428220722,0.46101574985443,0.448642063336068,0.436320138526212,0.423694143768835,0.411131402884907,0.399186045810032,0.388452013106918,0.379001667026317,0.370051160397772,0.360697791082417,0.350440361779326,0.339120082319039,0.328531835248501,0.32021115291963,0.314714968041987,0.312382471201631,0.311247684991408
1.01172648617124,0.986807628171374,0.964600721100226,0.944361997845926,0.924597430447519,0.90383331177328,0.882354667289231,0.860722744807288,0.839942162375743,0.820576421809434,0.802697775779421,0.785522571986366,0.768498995760625,0.751317825843989,0.734179833841937,0.717698350888807,0.702193133552925,0.687630539592247,0.673793289275588,0.660038540530408,0.646205603490973,0.632521232979214,0.619254695930444,0.60679347288161,0.595165968150516,0.595165968150515,0.577809279899651,0.561110171626961,0.544788501839191,0.528652438684723,0.512808102576264,0.497692070164377,0.483481474041016,0.470198073253209,0.457479358898824,0.444892332377903,0.432105262156376,0.419452179994344,0.407388521572899,0.396427240177001,0.386645169613383,0.377330621060218,0.367733241670397,0.357399927300347,0.34617945125445,0.335675678630945,0.327207882613115,0.321227359406719,0.318145598681353,0.316105854604254
1.03471663942277,1.0092678348363,0.986082560767038,0.964651705310487,0.94383994116103,0.922373295135961,0.900535328470251,0.878693431406736,0.857663823611773,0.837883927819759,0.819452998983494,0.801702312221729,0.784211597897132,0.766727539897004,0.749385929117315,0.732692800779967,0.716886681043107,0.701939658126117,0.687700389430434,0.673602859071722,0.659526378712106,0.645664813311228,0.632223894274061,0.619532425660069,0.607600815912087,0.607600815912086,0.589804323265807,0.572673249049111,0.555989668886411,0.539591122693344,0.523541034599851,0.508198980367704,0.493681838806135,0.480027820385191,0.466940374081013,0.454078741306973,0.441145529213124,0.428430203933956,0.416272468761622,0.405075894476738,0.394923146104245,0.385215065035855,0.37536835250867,0.365015221647437,0.353952166437315,0.343592643273547,0.334991611211991,0.328464834985047,0.324435414749394,0.321242181960504
1.0580395943605,1.03205205059459,1.00782333419159,0.985112314405185,0.963173404702192,0.940954001377512,0.918754169442056,0.896727563481173,0.875475693463587,0.855291965901017,0.836304585406939,0.817970514897351,0.800003968637985,0.782213495762931,0.764678198679471,0.747779620392429,0.731666636194663,0.71631943064731,0.701654805993852,0.687199034307128,0.672876759777956,0.658841234056001,0.645227588068636,0.632300463279915,0.620055252515397,0.620055252515397,0.601805904938517,0.584229443986771,0.56717778683228,0.5505205740602,0.534275714468698,0.518718805506307,0.503894562599475,0.489856517943266,0.47638125448204,0.463230776924984,0.450145062386328,0.437364241085901,0.42511081004926,0.413672033836718,0.403120833269286,0.392989709622896,0.382881062196958,0.372518794461905,0.361656666500285,0.351480125348473,0.342742339386962,0.33562472121763,0.330573393653151,0.326170194166964
1.08226078306032,1.05571130109101,1.0303893923078,1.0063730321954,0.983284778749682,0.960286680734061,0.937718159986361,0.915511320923702,0.894035198405912,0.873444132088184,0.853886618363473,0.834947962467336,0.816482843489173,0.798366516754412,0.780618701840754,0.763499427289902,0.747063366421441,0.731302495959462,0.716196181598073,0.701363394414804,0.686778182952786,0.672552994765446,0.658751690236609,0.645571799042943,0.632998680088404,0.632998680088403,0.614279425797907,0.596241060870785,0.578809037513031,0.561879755877547,0.545427155423083,0.529644574621353,0.514496660128087,0.500051554989439,0.486165638534805,0.47270171208855,0.459443871443706,0.446583957892466,0.434224169737571,0.422530524331665,0.411568647459878,0.400997351730182,0.3906112216307,0.380217439277108,0.36953992530778,0.359539822782801,0.350656290050393,0.34293370579009,0.336839063384056,0.331243825179429
1.10694249913341,1.07983281050357,1.05346653200338,1.02820456876714,1.00400234425222,0.980243332391114,0.95729387686279,0.934878340005494,0.91315525006358,0.892133970140897,0.871988702509386,0.852435134730426,0.833460355103947,0.814997853227902,0.797013219082094,0.779650443244773,0.762880820470713,0.746696268812514,0.731140744521568,0.715922005153218,0.70106172550135,0.686634038804379,0.672633009795921,0.659191259317138,0.646283575570692,0.646283575570691,0.627089453755578,0.608583642098267,0.590758626966233,0.57353671972375,0.556853883400309,0.540822599732663,0.525335125068209,0.510474274660196,0.496168258668441,0.482383312523888,0.468943832976003,0.455989828654013,0.443508731076331,0.431556313097878,0.420189110303587,0.409186921927881,0.398514430158147,0.388079507234575,0.377569207226245,0.367729857240585,0.358698288434737,0.350380178523643,0.343265081980555,0.336499165655958
1.13223276041676,1.10453764165153,1.07717250828096,1.05073679133994,1.02547723246836,1.00097316923913,0.977609194007843,0.954940779720824,0.93292878909769,0.911457861594169,0.890732632302658,0.870583010446123,0.851111383103394,0.832294845026597,0.814053377995707,0.796430646488294,0.779321562382842,0.762720302337097,0.74672438162627,0.731124883420773,0.715980794021487,0.701334731322752,0.6871189228079,0.673406661888213,0.66016802490732,0.66016802490732,0.64049866092776,0.621527188668693,0.603303777174552,0.585773974158249,0.56884072301706,0.552545347749907,0.536718681368228,0.521451434406847,0.506740095050237,0.492641467116088,0.479010119096698,0.465938807486887,0.453312720194907,0.441097526573695,0.42933999527474,0.417923364318923,0.406966757771837,0.39646216865932,0.386072895297309,0.37634059085351,0.367150987057943,0.358278844527488,0.350232699050659,0.342440737365898
1.15790722435511,1.12964051508701,1.10135803706431,1.07385822106452,1.04762020851089,1.02239832066868,0.99859035307302,0.975612234130103,0.953265238735329,0.931330388534661,0.910038966287193,0.889314280558567,0.869351350894056,0.850162542797077,0.831630863840185,0.813717593119585,0.796257138876151,0.779244341316001,0.762818762659267,0.746837634858418,0.731391368111598,0.71650116169325,0.702044826606063,0.688049899419692,0.674481108616903,0.674481108616903,0.654338353794478,0.634902029793415,0.616270618374075,0.5984092776745,0.581196333643405,0.564612515337395,0.548438624661747,0.532772343669514,0.517665035425289,0.503248255338398,0.489399934733104,0.476173565286137,0.463371679483321,0.450886556023954,0.438756475781981,0.426949580612136,0.415707044316003,0.405089938819224,0.394745204149416,0.385055003650843,0.375702246269756,0.366334052723692,0.35749835174157,0.348830129349961
1.18365556194704,1.15480697066711,1.12569154652023,1.09725705221318,1.07014519929204,1.04425154282596,1.01997496349828,0.996627255925291,0.973900194507606,0.951500276209503,0.929676477002322,0.908421889985673,0.887989914217473,0.868418796491486,0.849566132753,0.831337100414905,0.813522291983857,0.796114258890532,0.779281279490577,0.762929244090089,0.747172120508062,0.732013404140616,0.717294576783699,0.703010395426872,0.689121200211833,0.689121200211833,0.668515601806199,0.648626785389635,0.629588880260687,0.611381037925863,0.59386520044178,0.576974776228422,0.560455847822661,0.544412468111382,0.52893301592046,0.514201816213386,0.500113482733592,0.486689794266749,0.473680093372389,0.460924259492273,0.448453801400081,0.436292933184148,0.424768880196281,0.413996192180891,0.403614282495809,0.393889024698805,0.384353868656628,0.374578371400757,0.365127369635383,0.355780515050894
1.20962096827055,1.18016721230995,1.15030492207901,1.121059554999,1.09318453635526,1.0666502138532,1.04186084993004,1.01806619182247,0.994893550520243,0.972010790167709,0.94967802831629,0.927925068664274,0.907038117088261,0.887066746363535,0.867855909649263,0.849276535392513,0.83109417082781,0.813297073095599,0.796073453817783,0.779355116037157,0.763272217053205,0.747814760670944,0.732805446154227,0.718220060481519,0.70401668306539,0.70401668306539,0.682949837848508,0.662612289218036,0.643159195927169,0.624579945554225,0.606724719742923,0.589500831237659,0.572632840395803,0.556228678944411,0.540398445122035,0.525353944997177,0.510997054653968,0.497332019435651,0.48407679620728,0.471043875231386,0.458257843189581,0.445776945594948,0.433977021570248,0.423009965844851,0.412503575682811,0.40266295117832,0.392925129629361,0.382830780624658,0.372945907543766,0.363135625078286
1.23578152990082,1.20570466546847,1.17518456301144,1.14527098224406,1.11674743084037,1.08961958847533,1.06428887918189,1.03997602306582,1.0162998884266,0.992916849284268,0.970093489418234,0.947873107407562,0.926539797440733,0.90614822415048,0.886538826529424,0.867569663580475,0.849004561843098,0.830827540089919,0.813231307433589,0.796153575470162,0.779731429065515,0.763949232657067,0.748623788089274,0.733725647855429,0.719213461679626,0.719213461679626,0.697689792170409,0.676909878741465,0.657035584225287,0.638059648238782,0.61982996938944,0.602243105849402,0.585017465984301,0.568266373968475,0.552102346634451,0.536744536609864,0.522093439885004,0.508143019469223,0.494609931271758,0.481296491262175,0.468225414404928,0.455469102744782,0.443407373832248,0.432205831481729,0.42149028345874,0.41145300651748,0.401494132903706,0.391151141178391,0.380994707968678,0.370920993460336
1.26238777199356,1.23164375420053,1.20054033608902,1.17007959365618,1.14100689917185,1.1133286911202,1.08743722141404,1.06255460837731,1.03833508808518,1.01444720156181,0.99115826636865,0.968502691044364,0.946733865107459,0.925902033081957,0.905856380557052,0.886465689620431,0.867502207567229,0.848951782349178,0.830996266343791,0.813561741853344,0.796784029302197,0.780646865967819,0.764977601391768,0.749753175616249,0.734933859497564,0.734933859497564,0.712956613143563,0.691741694740784,0.671442067235092,0.652048957753064,0.633415599578991,0.615440754774624,0.597849218752268,0.580759389436506,0.564270668417031,0.548591631454734,0.533614682670281,0.519331861146671,0.505483853420176,0.49188345675379,0.478550077908331,0.465543939279133,0.453226119849525,0.441744915021983,0.430736237817842,0.420422330074442,0.410220468023236,0.399705145382359,0.389430827714212,0.37927027264911
1.28938859474201,1.25794585598802,1.22630055881639,1.19538510693318,1.16584144706768,1.13763625149631,1.11115657647602,1.08565712373228,1.06084981485174,1.03644248600354,1.01270262825606,0.989634492026336,0.967440034085704,0.94615554802362,0.925647542613715,0.905812085167946,0.886442760212117,0.867527161275349,0.849224376560021,0.831436398145754,0.81429396114814,0.797782854373171,0.781751363402685,0.766192313947636,0.751068821877931,0.75106882187793,0.728638831341927,0.70699255804227,0.686264494113595,0.666437148534073,0.647375665580493,0.628994896735285,0.611034695089783,0.593615503358234,0.57681701333016,0.560819712460857,0.54549940258083,0.530854357125556,0.516666675319509,0.502776624965234,0.489200740774253,0.475969687140125,0.463399202917784,0.451604520570281,0.440242898717974,0.429598516806636,0.419136840709329,0.408499250246164,0.398219594343261,0.388105012204988
1.31697672056938,1.28480124997164,1.25265148070127,1.22134453486926,1.19138523169809,1.16267166220292,1.13558708585808,1.10943147751698,1.08400359927707,1.05906298320478,1.03487411853154,1.01139900198929,0.988776094882126,0.967024442283417,0.946027498629112,0.925720090395167,0.905930804503029,0.886647549275903,0.867997514291928,0.849852387887786,0.832332303158447,0.815427289174883,0.799013862332845,0.783109058639249,0.767677787346609,0.767677787346609,0.74479033179566,0.722710529727042,0.701545010980064,0.68126507353277,0.661750926258738,0.642942879497247,0.624601949036592,0.606852521384081,0.589744518135723,0.573420990107831,0.557737812844163,0.542704358445677,0.528154620849799,0.513963862881581,0.500153220422855,0.486713693038062,0.473890125889217,0.461755542385568,0.449998652019765,0.438979385181903,0.428241579334459,0.417514773939267,0.407312925004894,0.397327276323258
1.34537660393709,1.312468642138,1.27981544814355,1.24813051978689,1.21776300098493,1.18853726070209,1.16082544333995,1.13398381069969,1.10790745609233,1.08241909164564,1.05777096010475,1.03388150833827,1.01082045203,0.988582308447027,0.967075343580763,0.946276783331569,0.926054982501236,0.906395478876124,0.88739235676383,0.868882173164563,0.850971962900301,0.833656691299525,0.816846086180828,0.800583465233226,0.784836718852761,0.784836718852761,0.761480890307581,0.738955682045348,0.717339619404018,0.696590280579592,0.676605148319718,0.657352337216131,0.638618881552187,0.620532205042441,0.603109429155503,0.586448470324173,0.57038838644048,0.554949220866134,0.54002100791075,0.52552415027824,0.511478781760759,0.497832159779324,0.484747908599752,0.472257050221257,0.460077198801042,0.448654901605552,0.437626687603176,0.426823587576493,0.416728994579991,0.406914805721609
1.37469288234125,1.34102625387966,1.30785254814877,1.27576796204263,1.24497207218729,1.21521246891316,1.18685490975783,1.15931512769113,1.13257888346158,1.10652928586702,1.08140487075753,1.05708449118427,1.0335664464425,1.01082723552282,0.98879777687539,0.967495270365786,0.946828788127128,0.926782247263317,0.907412270481226,0.888523995361663,0.870211407253154,0.852474968213148,0.835255768107846,0.818624120448768,0.802549654928283,0.802549654928283,0.778710353786076,0.755725602845554,0.73364471494367,0.712412834525549,0.691944050613531,0.672235082090953,0.653097611383458,0.634660020686941,0.616908213878303,0.599896567635793,0.583449128205301,0.567594421461213,0.552281464121214,0.537469097807965,0.52317747200762,0.509313005261608,0.495956496880735,0.483094417495337,0.470484705677294,0.458652293194758,0.447325455222707,0.436430690839269,0.426429353363307,0.416762482436618
1.40492081768118,1.37049729951107,1.3367578037738,1.30421687584166,1.27294254642198,1.24262052071572,1.21360526772387,1.18536631409866,1.15796586578237,1.13134113897106,1.10571682265855,1.08093848371034,1.05694295025392,1.03368954032381,1.01113069136835,0.989317227462591,0.968192502970025,0.947739957110044,0.927983591478829,0.908701967706945,0.889975244008255,0.87181019993126,0.854176098652372,0.837165108043271,0.820747998724121,0.820747998724121,0.796407464600911,0.772943711699169,0.750383025308256,0.728658688796971,0.707699361799657,0.687525097042564,0.667970171890885,0.649162909136104,0.631062948503856,0.613685905226166,0.596843922775641,0.580572166429149,0.564870134566839,0.549731491233606,0.535173959757772,0.521069369855731,0.507428427201577,0.494197248588891,0.481168621667547,0.468932122792827,0.457304960982422,0.446291856538445,0.436324849549238,0.426737375064535
1.43613327081756,1.40093262720555,1.36656062696226,1.33347422358639,1.30164503623469,1.27071017001087,1.2410210993551,1.21208403191886,1.1840205245942,1.15680482943174,1.13065078164211,1.10538253858852,1.08088676597906,1.05711007011631,1.03402267934417,1.0116983971025,0.990106497742908,0.969228599739386,0.949065123157197,0.92937440210749,0.91022697958933,0.891633774164548,0.873583465508329,0.856184635093691,0.839408621719446,0.839408621719446,0.814545094673692,0.790580447329351,0.767524257368154,0.745300888030504,0.723849518090635,0.703208132785312,0.683225991527801,0.664031958096191,0.645564426352397,0.627811149911253,0.610575496065925,0.59389423691722,0.57780729877153,0.562334051032528,0.547487535282357,0.53311568770512,0.51917563516959,0.505585821096744,0.492163033833236,0.479545500167272,0.46761224290256,0.456424170455369,0.446397918147303,0.436784300737585
1.46853740211595,1.43254520610587,1.3974660776678,1.36372678820136,1.33125059964621,1.29965270824377,1.26927798180328,1.23965284888649,1.21092761513021,1.18310111284902,1.15637965724288,1.13057861513086,1.10555119533097,1.0812390265306,1.05762270174557,1.03478532666375,1.01271208526995,0.991382728790278,0.970782077063467,0.950658316853795,0.931078034423065,0.912051850644292,0.893580587320579,0.875781063733547,0.858624940738338,0.858624940738338,0.833211921514271,0.808718830706379,0.78514660388432,0.762415065031096,0.74046852601137,0.719353014157674,0.698926535879747,0.679317689845088,0.660454686392907,0.642307492664549,0.624674806341913,0.607590779760622,0.591121498262988,0.575297922457281,0.560128299227484,0.545450921315389,0.531189758608666,0.51724777146192,0.503460675708761,0.49049143627651,0.478246198893521,0.466827601428008,0.45663500504257,0.446877988853337
1.50213430856811,1.46532572253217,1.42946739833575,1.39497043029038,1.36175303909994,1.32943572956944,1.29836245739039,1.26805668905372,1.23867269620854,1.21021469694668,1.18288529193163,1.15650331985123,1.13090898452909,1.1060459838323,1.08189697249507,1.05854127767533,1.03597094658491,1.01416141582358,0.993093862648797,0.972514129519353,0.952490197170705,0.933028472126522,0.914133337321521,0.895922146132464,0.878367154454245,0.878367154454244,0.852376856366167,0.827327278969207,0.803217121197676,0.779966530485456,0.757520683292819,0.73592444652313,0.715035647756856,0.69498384405449,0.675695287217451,0.657135459459287,0.639102903579153,0.621626078703178,0.604780171873164,0.588594098882172,0.573072427393001,0.558057602061209,0.543459096176581,0.529181910933099,0.515065911838162,0.501779254193809,0.489221180192825,0.477517491524212,0.467056051480573,0.457047354176963
1.53694637660415,1.49930647704822,1.46259735493383,1.42724799653934,1.39320297167696,1.36011725816276,1.3283316465941,1.29735060687304,1.26730619624755,1.23819660826909,1.21022163636493,1.1832155849824,1.15702284749626,1.13159459210559,1.10690883845644,1.08303063323776,1.05994820995728,1.03763287167689,1.01606890037372,0.995010281268021,0.974529866369633,0.954629399604031,0.935307611382169,0.916674863668572,0.898703247716018,0.898703247716018,0.872109784012345,0.846476879948,0.821808596731771,0.798028057463956,0.775078316725782,0.75299356020652,0.731625537041209,0.711104490465653,0.69136408916703,0.672374340680633,0.65393879949187,0.636076474854743,0.61885701462076,0.602296082129283,0.58639486160538,0.571010117899593,0.556057702953327,0.541455643245194,0.527045347633282,0.513475113508004,0.500613499784535,0.488578133870585,0.477753065555279,0.467384464854723
1.5729903485547,1.53448171261549,1.4968537742407,1.46055985970358,1.4256060805447,1.39170334385078,1.35918802606315,1.32753067811723,1.29682069557211,1.26704048956444,1.23838538388839,1.21071512195871,1.18389447354786,1.15788561075511,1.13265776492776,1.10825132883285,1.08464280269664,1.06179882290188,1.03971182232205,1.01815262163479,0.997203530977089,0.97685815858555,0.957104280429901,0.938038848159454,0.919633482522555,0.919633482522555,0.892410279771216,0.866168419036213,0.840921624560989,0.816599886869027,0.793140333017019,0.770558789471536,0.748695604478989,0.727681861066237,0.707465675182179,0.6880288111613,0.669185560020824,0.650942738427645,0.633350742245141,0.616403501135662,0.600097058914741,0.584312866859805,0.56898867715263,0.554065464404287,0.539385406490806,0.525556926073632,0.512390728136251,0.499985858060594,0.488719306588075,0.477904707236965
1.61022979103813,1.57083408555369,1.53222894913644,1.49492524706356,1.45900823063416,1.42425411853644,1.39099433348714,1.35865929914088,1.32728055625215,1.29681515453225,1.26745308629093,1.23908747481552,1.21161402590824,1.18500713700453,1.15922590887757,1.13427972951479,1.11012790331668,1.08673275451891,1.06409793689548,1.04201696652315,1.02058388706916,0.999783436449491,0.979587834474955,0.960077405189597,0.941221992481764,0.941221992481763,0.913346667541915,0.886473114823335,0.860630134756125,0.835754705894754,0.811775432943665,0.788685531622391,0.766310526535229,0.744780906995123,0.724064050360923,0.704159884448105,0.684897561631708,0.666269239558294,0.648297289603077,0.630949990361883,0.61421611788805,0.598008237756382,0.58229693195756,0.567051461529102,0.552114835171666,0.538042096316214,0.524572045897921,0.511771403385096,0.500014809560069,0.488692087493757
1.64852723315313,1.60822469032395,1.56860669929373,1.53025527216554,1.49333739947728,1.45770258136095,1.4236785695203,1.3906497228158,1.358584325124,1.32741275143646,1.29732209328574,1.26823725515138,1.24008933063598,1.21286617939979,1.18651548144678,1.16101422900028,1.13630140151275,1.11233554101187,1.08913363184175,1.06651332700941,1.04458085169266,1.02331263631662,1.0026632549187,0.98269459972982,0.963375034258422,0.963375034258422,0.934827025971142,0.907301151122289,0.880843443571789,0.855397846085638,0.830884442953707,0.807271598331307,0.784368103878801,0.762304592584362,0.741069808146535,0.720683222806397,0.700988059308389,0.681963753434155,0.663601213182735,0.645840849533042,0.628664363475891,0.612016465828452,0.595906503842974,0.580333731178122,0.565139475244541,0.550821863254467,0.537044492728648,0.523832619164954,0.511560496665183,0.499705462944869
1.64852723315313,1.60822469032395,1.56860669929373,1.53025527216554,1.49333739947728,1.45770258136095,1.4236785695203,1.3906497228158,1.358584325124,1.32741275143646,1.29732209328574,1.26823725515138,1.24008933063598,1.21286617939979,1.18651548144678,1.16101422900028,1.13630140151275,1.11233554101187,1.08913363184175,1.06651332700941,1.04458085169266,1.02331263631662,1.0026632549187,0.98269459972982,0.963375034258422,0.963375034258422,0.934827025971142,0.907301151122289,0.880843443571789,0.855397846085638,0.830884442953707,0.807271598331307,0.784368103878801,0.762304592584362,0.741069808146535,0.720683222806397,0.700988059308389,0.681963753434155,0.663601213182735,0.645840849533042,0.628664363475891,0.612016465828451,0.595906503842974,0.580333731178122,0.565139475244541,0.550821863254467,0.537044492728648,0.523832619164954,0.511560496665183,0.499705462944869
1.67686656628721,1.63588426629949,1.59547104488566,1.55628365385517,1.51857980571219,1.48227309828845,1.44769531682782,1.41416828122267,1.38160797144313,1.3499108988067,1.31927018262846,1.28964674569398,1.26099966938883,1.23333222217857,1.20657757732974,1.18068146248084,1.15556030865541,1.13117356860481,1.10755101262247,1.08453458819803,1.06224363274661,1.04064260659895,1.01966839536094,0.999366877385276,0.979703324387202,0.979703324387202,0.950654855974701,0.922644112047003,0.895734998864684,0.869878499726636,0.844984204055956,0.820997079997333,0.797706438438071,0.775249227052865,0.753631960418243,0.7328982747742,0.712900792911923,0.693601704719402,0.674965617302108,0.656902909016367,0.639391944973393,0.622408856665172,0.606007232817259,0.590208410684789,0.574852311642174,0.560378269143878,0.546366705500288,0.532815254834345,0.520105008189189,0.507778052433411
1.70580781919148,1.66412015441302,1.62290751257601,1.58288536187299,1.54439312575996,1.50740713847537,1.47226054914304,1.43821932276218,1.40514924883905,1.37291594497796,1.34171892098472,1.31155242155961,1.28239924042195,1.25427634288295,1.22710496873362,1.20080023863397,1.1752612164457,1.15044694166735,1.12639769208854,1.102977950407,1.08031989998351,1.05837572156606,1.03706763098883,1.01642596111939,0.996412646507033,0.996412646507033,0.966854514311848,0.938351124080425,0.910981528406718,0.884703557865898,0.859417526693802,0.835045964832822,0.811360684370808,0.788503622386965,0.766498307695271,0.745410447526413,0.725100573703133,0.70551439261235,0.686593836432535,0.668222487483139,0.650374163167158,0.63305692717025,0.61635943538737,0.60032445895193,0.584793335498932,0.57015143090716,0.555899565755519,0.542016762740864,0.528880324966362,0.516093095810387
1.73536369865066,1.69296338061748,1.65097115086557,1.61014980957276,1.57089284979952,1.533230209032,1.49749546527909,1.46291249254423,1.42930825640785,1.3965267963856,1.36477086385478,1.33406198467388,1.30439710357353,1.27580459124831,1.24819761521107,1.2214663941973,1.19549798350727,1.17024985938727,1.14577095128259,1.12194170698382,1.09890474917471,1.07660237313536,1.05494624023528,1.03395384430003,1.01358536145495,1.01358536145495,0.9835112640718,0.954509011962561,0.926669117444416,0.899954038003945,0.874258489368813,0.849486988535888,0.825398098856681,0.802137299765883,0.77974123304395,0.758291071501191,0.737653895283663,0.717760786175947,0.698539307493167,0.679851796263411,0.661666980820779,0.64401908102412,0.62702103959378,0.610733795343273,0.594997660334098,0.580159979339493,0.565658575926221,0.551460609131986,0.53793525548116,0.524741773173134
1.76544353672081,1.72231171041684,1.67956367806072,1.63798928489983,1.59800358201371,1.55967006445143,1.52332490114888,1.48816520689371,1.45399775398347,1.42065633688726,1.38834477791473,1.35710105380464,1.326923184491,1.29784496787651,1.26977825331905,1.24259926294701,1.21618991969744,1.19050618537106,1.16559710658677,1.1413534161404,1.11792456083182,1.09524555498432,1.07322313313673,1.05186834717168,1.03114155203868,1.03114155203868,1.00054563601025,0.971039799136227,0.942720353035671,0.91555150768417,0.889426044544917,0.864237811276755,0.839736916273595,0.816071596812776,0.79328493844473,0.771465028806287,0.75048187456463,0.730255858100859,0.710711450215328,0.691700840972338,0.673186500118109,0.655216732646089,0.637913770763794,0.621346780612537,0.60536562930306,0.590294095631785,0.575530755874678,0.561045530437317,0.547203369411048,0.533698468846652
1.79614914285128,1.75226785025629,1.70880254056926,1.66654101160562,1.62587839817105,1.58688972635681,1.54990966953987,1.51413026264945,1.4793614830391,1.44544294782032,1.41257647025544,1.38080394021488,1.35011067113548,1.32052935030901,1.2919748021386,1.26432288115224,1.23746009284227,1.21133956860301,1.18600333830373,1.16134190018498,1.13750687467134,1.11443048688178,1.09202217163122,1.0702931338423,1.04920497969418,1.04920497969418,1.0180823062293,0.988069077906168,0.959259857756666,0.931617164091998,0.905036625074959,0.879409796537556,0.854486489198633,0.830416611244636,0.807241946562659,0.78504633427675,0.763698808538904,0.743113631521218,0.723223813966103,0.703883053457123,0.685050246027542,0.66677315487984,0.649162864254478,0.632287465357176,0.616010177430604,0.600657297730966,0.58562003106407,0.570884593651785,0.556807272418191,0.543089280139344
1.82734821739296,1.7827026027133,1.73857005939455,1.69569176899821,1.6544066481281,1.61478128682208,1.57713975147839,1.54069342867646,1.50528404935076,1.4707712628096,1.43735434852435,1.40506545284108,1.37385980026129,1.34376080970886,1.31469341184868,1.28654521901408,1.25921867575211,1.23266176576526,1.20690335297134,1.18182383203929,1.15757116813684,1.13407883891173,1.11126690692358,1.08915443152568,1.06770440925948,1.06770440925948,1.03605258392058,1.00553065330697,0.976222729695607,0.948087769309246,0.921028849542325,0.894943290029187,0.869590665063237,0.845121341298549,0.821565861708134,0.798993173559401,0.777265171265657,0.756294215184162,0.736036069007524,0.716359899596634,0.697220905375685,0.678654080806852,0.66073659296264,0.643528349673178,0.626907754171939,0.611226718140257,0.59590392515336,0.580958591809648,0.566735686122381,0.552903874870796
1.85914351860524,1.81371042136521,1.76893898657331,1.72549721237602,1.68363436539814,1.64338117818256,1.60505039444267,1.56789414946425,1.53180674320305,1.4966878330514,1.46272952303209,1.42993807975953,1.39822282112066,1.36759275068886,1.33798858347748,1.3093223679052,1.28152051636243,1.25452859131162,1.22835308802182,1.20285439662015,1.17817162298929,1.15424320201583,1.13100835024423,1.10850145433475,1.08668837930365,1.08668837930365,1.05450274849942,1.0234690712983,0.993654205585061,0.965010506337484,0.937451882780028,0.91089065334189,0.885103151194032,0.860238605110427,0.836309299610238,0.813355410138483,0.791227480659872,0.769842501959765,0.749192734001892,0.729173724813383,0.709738073042898,0.690894621789785,0.67267008805374,0.655099262711723,0.638083468362767,0.622024310037644,0.606401349954058,0.591286346081019,0.577008713486983,0.563174578557222
1.89148933797024,1.84525388969921,1.79986984800562,1.75591102784817,1.71350688983442,1.67263406941828,1.63359356976146,1.59568922544873,1.55889281266579,1.5231562290093,1.48865831021895,1.45536866442444,1.42313777653367,1.391958572046,1.36179176542375,1.3325829737118,1.30429191404447,1.27686035921177,1.25026739664904,1.22434318281583,1.19921617294969,1.17483165043138,1.15115470532379,1.12824186459646,1.10606068571776,1.10606068571776,1.07333449187391,1.04178301580633,1.01145034540578,0.982279668169115,0.9541991346886,0.927142775075494,0.900909008589659,0.875647255256134,0.851342614309499,0.827996990190071,0.805448266466832,0.783622551526987,0.762560504000536,0.742190648572735,0.722464066158786,0.703354395950582,0.684819325523509,0.666861525304616,0.649406101102061,0.632930697325506,0.616994377750157,0.601740277817878,0.587479460248489,0.57371239262909
1.92450098810201,1.87742828889473,1.83143407179778,1.78697861340986,1.74405331939587,1.70256122800036,1.6627906912719,1.6241083102015,1.58657631121762,1.55020908056872,1.51516885222242,1.48138142835983,1.44862944424081,1.41688697498882,1.38613807885048,1.35636858668317,1.32757629924584,1.2996993408408,1.2726857457569,1.24633090384434,1.22074993620701,1.19589409079227,1.17176112084456,1.14843224365427,1.12587786743178,1.12587786743178,1.09260190407052,1.06052565686978,1.0296656577455,0.999953915816903,0.971334004440752,0.943767332515382,0.917078435938394,0.891416482598964,0.866734992802237,0.842990392007146,0.820006379381986,0.797720734267414,0.776230325888655,0.755502639631904,0.735487550303716,0.716116588762629,0.697268699826896,0.678908364380001,0.660986252735548,0.644065721781506,0.627799506361775,0.612425562788163,0.598220453184716,0.584572838092004
1.95844168062385,1.91050317009518,1.86388346780939,1.81892075213378,1.77546553293411,1.73333660705094,1.69281430686832,1.65333136740947,1.61504041220159,1.57802106825443,1.54241917080801,1.50811416526185,1.47482227491498,1.44249776800533,1.41114838057596,1.38079898139053,1.35148747453201,1.32314972909276,1.29570186674254,1.26890271562229,1.24285333914907,1.21751212443396,1.19290904034204,1.16915073593178,1.14621092362281,1.14621092362281,1.11236797541444,1.07975072827739,1.04834648577919,1.01807571819216,0.988897271294991,0.960802813066563,0.933642941249562,0.907566008899683,0.882494336297252,0.858337493868404,0.834904443691587,0.812146392879092,0.790215293056299,0.769118576226888,0.748804738193098,0.72916548759132,0.709998252940769,0.691225423842941,0.672822937077028,0.655443755624909,0.638838242109995,0.623335451007752,0.609182581351717,0.595655428207518
1.99338215556086,1.94455556590637,1.89727238139101,1.85176619279638,1.80774322050173,1.76495801297418,1.72367820634122,1.68339392573913,1.64434136231266,1.60665714957619,1.57047100147602,1.53562540167696,1.5017724269949,1.46885144821399,1.43689085928768,1.40595098826353,1.3761070827652,1.3472943372318,1.31939520028916,1.29213763563047,1.26560906462367,1.23977525289537,1.21469439037651,1.19049602342491,1.16715659591009,1.16715659591009,1.13273053092464,1.09955668547563,1.06759535243542,1.03675476793175,1.00700993976218,0.978377201047744,0.950731525186871,0.924221381872896,0.898740164808643,0.874156226799355,0.850266705822577,0.827031544432979,0.804656112234878,0.783181329341486,0.762555200843707,0.742633231726204,0.723136811342974,0.703945261082834,0.685067682043043,0.667232437028583,0.650281135163802,0.634619778018043,0.620471959546297,0.607010335554326
2.02952326692449,1.97978163634439,1.93176559432353,1.88562538593921,1.84095890898828,1.79747149787076,1.75542289906345,1.71434852258501,1.67453918976775,1.63617819957694,1.59937926608651,1.5639580069149,1.52951966897005,1.49599044578377,1.46341700906279,1.43188613554164,1.40149848428474,1.37218908032444,1.34381270052621,1.3160761745841,1.28905724181003,1.26272500892544,1.23716122429972,1.21251209376772,1.18875494740808,1.18875494740808,1.1537229340949,1.11997001793536,1.08743531373779,1.0560177210212,1.02570395701303,0.996528668314603,0.968384077319878,0.941416794383643,0.915501311080767,0.890472779295504,0.866121554160744,0.842413661709476,0.819593165715944,0.797727949475381,0.776761854926011,0.756521724059531,0.736674931545183,0.717067177051714,0.697738729200664,0.679470038703994,0.662167901797826,0.646307829614088,0.632082763154265,0.618583434776744
2.06684498274265,2.01618737112432,1.96734525943216,1.92044559055067,1.87502877480816,1.83077429578843,1.78794002996876,1.74608609679083,1.70552099858272,1.66645876380067,1.62899957244591,1.59294969960064,1.55789108495854,1.52374400457745,1.49056284074398,1.45844181332845,1.42750052828707,1.39766794622979,1.36878244446454,1.34054421092848,1.31302740928234,1.28620055419449,1.26015604623955,1.23504780918619,1.21085297358268,1.21085297358268,1.17518663986769,1.14082389553559,1.10769493460321,1.07569247511259,1.04480902327632,1.01508834551771,0.986430229432546,0.958978562661206,0.932602209520166,0.907115780104031,0.882309217333006,0.858148303412263,0.834895019592174,0.812628025043898,0.791288172840748,0.77069503625688,0.750476919835877,0.730471615347271,0.710742982456798,0.692088024199495,0.674437186159511,0.658304049096099,0.643867638028736,0.630176919098607
2.10561277294909,2.05403411584241,2.00426905990125,1.95645366427944,1.91015042981678,1.86505972846141,1.82143383339484,1.77882212164936,1.73751915637959,1.69773854380563,1.65956504877805,1.6228225900378,1.58709752624542,1.55231607387855,1.51852922177976,1.48581695751416,1.45430330862265,1.42390984249472,1.3944726840185,1.36570214556315,1.33767325784024,1.31035054060829,1.28382384412091,1.2582429634526,1.2335829409245,1.2335829409245,1.19724836459014,1.16223936049686,1.12848937924585,1.09589327933308,1.06444106870143,1.03416921854442,1.00497426051937,0.97699979705398,0.950118819731013,0.924145872337084,0.898882713325282,0.874284803281461,0.85060880682684,0.82792258989207,0.806163519641612,0.785166911431776,0.764552159565943,0.744170908315373,0.724098754460171,0.705106122369888,0.687108777116873,0.670620543243413,0.655812554165812,0.641742400250171
2.14585300202874,2.09335985085242,2.04253952718241,1.99362137810994,1.94626565114606,1.900248960098,1.85581579501363,1.81247709076402,1.77045541389438,1.72993740378398,1.69099405541703,1.65349463489452,1.61705918426676,1.58162878507435,1.54724745567327,1.51395543690795,1.48185729702733,1.45086752861582,1.42083780816649,1.39150473569185,1.36295367449399,1.33514065702923,1.30813734379749,1.28207291136568,1.25692090462614,1.25692090462614,1.21988206723437,1.18418708321516,1.14979109245938,1.11659700491494,1.08458471799616,1.0537646765824,1.02401733614212,0.995482699384784,0.968057743162753,0.941576571854245,0.915863429004728,0.890852845916871,0.866771101682138,0.843656329510233,0.821431078055445,0.799970625014036,0.77893107077361,0.758201014366951,0.737850710081704,0.718585580363314,0.700248862819931,0.683309387003484,0.667931854155618,0.653272742877284
2.18746168509275,2.1340132204323,2.08201336800516,2.03181038750534,1.98324744124146,1.93621870697671,1.89097301606315,1.84694467768888,1.80423209229141,1.76295703550902,1.72319077449637,1.68486969393023,1.64767844815772,1.61159306109359,1.57663128209746,1.54276968796688,1.51007281308878,1.47845120703098,1.44778478753584,1.41785760051136,1.38877443176798,1.36047876079146,1.33300488823048,1.30644772772376,1.28077648386849,1.28077648386848,1.24299793381747,1.20658198503685,1.17151690875894,1.13772240698527,1.10515874452524,1.07379472920273,1.04347783245945,1.01434439265889,0.986332704130592,0.959322782774794,0.933165255518004,0.907767366888413,0.883299355888485,0.8597372037638,0.836994286525016,0.815010787693566,0.79352178427537,0.772470052879214,0.751916855588538,0.732452017296983,0.713787257396153,0.696293119766662,0.680149833705525,0.664666631341773
2.23042522862836,2.17602136776807,2.12270927047675,2.07104080617671,2.02111371996852,1.97299407031251,1.92692884651556,1.88223573745571,1.83884588865664,1.79679011577153,1.75614619115817,1.71693687858147,1.67895045954712,1.64219893513836,1.60666560366097,1.57224201609858,1.5389307049572,1.50663629022755,1.47529152473287,1.44474065676087,1.41511592112662,1.3863426810365,1.35840416439178,1.33134436820205,1.30512896533497,1.30512896533497,1.26657495436441,1.22939919121035,1.19364074190654,1.15924099565083,1.12613277667658,1.09422419534206,1.06331790043141,1.03354930786638,1.00491319596653,0.977354865043929,0.95075828790245,0.924998583876655,0.900155679938466,0.87613082194883,0.852824007845966,0.830261319532993,0.808300268637732,0.786967272754038,0.76628086057494,0.746682199631349,0.727697447428772,0.709561716857034,0.692464176181671,0.675959296524899
2.27494373008098,2.21952369527135,2.16478957348783,2.11149686271264,2.06006702161949,2.01077073730584,1.96386705985398,1.9185213452313,1.87446036343104,1.83159689777607,1.79002136061278,1.74986266742833,1.71103716590413,1.67360610845231,1.63750494164843,1.60252080438291,1.5685814263369,1.535581328188,1.50351944991784,1.47231396521575,1.44213812859543,1.41289032987898,1.38448737103213,1.35691329263809,1.33013026848948,1.33013026848948,1.29076304092317,1.25279170963888,1.21631309053516,1.1812985362565,1.14764608020698,1.11519117307379,1.08367707184773,1.05324035002274,1.02394459008485,0.995819182298419,0.968787267535454,0.942684977161311,0.91748112962361,0.892979199445877,0.869068258751055,0.845880426901161,0.82342155806371,0.801827543550428,0.781064527299666,0.761395481584399,0.742089002933229,0.723223151633119,0.705023589249043,0.687337688922869
2.32110811388243,2.26464955686555,2.20841926167672,2.15339525933282,2.10036321641215,2.04984521730288,2.0020938917101,1.95610774398942,1.91136969346835,1.86767117111808,1.82511458015722,1.78394385760041,1.74423078538288,1.70609385879748,1.66940935477168,1.63384769667657,1.59925193011725,1.56550752170807,1.53268390934285,1.50078658919882,1.47003478001989,1.44029569979819,1.41141592138489,1.38330948774423,1.35593534063184,1.35593534063184,1.31571980841307,1.27691671313326,1.23968753321663,1.20403821326023,1.16982837168677,1.13680590589362,1.10465145965697,1.07350126846357,1.04350351716131,1.01477812030768,0.987294509576192,0.96085055573778,0.93528194215155,0.91027904478467,0.885724319422083,0.861868929885666,0.838887587975358,0.817035446435818,0.796231539713671,0.776530346363918,0.756913283844593,0.737292706745305,0.717908661971806,0.698955809934597
2.36848655730182,2.31094262719627,2.25316918579742,2.19636920802226,2.14168459880156,2.08990207382967,2.04128092038838,1.99463721853301,1.94921116509913,1.90465930578621,1.86109183745717,1.81887181523344,1.77824187185602,1.73937479087657,1.70208660025158,1.66592983834641,1.63065866648396,1.59614678989825,1.56253985095489,1.52993336763187,1.49859212077106,1.46835577900594,1.4389939253112,1.41034874371491,1.38237540833876,1.38237540833876,1.34128744379863,1.30163043278593,1.26363080232167,1.2273289703038,1.19254811072306,1.15894593502584,1.12613437587502,1.09425220354146,1.06353029516105,1.03418614337379,1.00624107117429,0.979455648128284,0.953520072861721,0.928012557836086,0.90280862046952,0.8782786438807,0.854773484780206,0.832677570042926,0.81185467338766,0.792143571166297,0.772237668069156,0.751852690112735,0.731262463155635,0.711015359310993
2.41709008722448,2.35844427123079,2.29908802932313,2.24050069201008,2.1841552914583,2.1311035532664,2.08158815820236,2.03426315006669,1.98812037693013,1.9427025375078,1.89811530039478,1.85484041547714,1.81328614769716,1.77367220612911,1.73576265344321,1.69899722345628,1.66303628988391,1.62774969825041,1.59334242010477,1.56000911383221,1.52805678793295,1.49730449831465,1.46744532230392,1.43824998111594,1.40966640323035,1.40966640323035,1.36769041639726,1.32716397992597,1.28838163603588,1.25141225298659,1.21604418117337,1.18184414532423,1.14836349851902,1.11573852236619,1.08428604302423,1.05430898037872,1.02588512688688,0.998736545771781,0.972411680057981,0.946386290450112,0.920522027911066,0.895300500606472,0.871255394091539,0.84888078746449,0.828025683128029,0.808295560822925,0.788116883541718,0.766987039278847,0.745208833884389,0.723660533976372
2.46678684784561,2.40695825434595,2.346008557933,2.28564196009096,2.22765653667964,2.17332828481436,2.12288933764582,2.07484323972933,2.02795727021793,1.98166446799713,1.93605877737163,1.89172950305723,1.84924354032728,1.80885781955723,1.77029753004255,1.73289393125878,1.69622480625284,1.66015511613504,1.6249416626073,1.5908689957796,1.55828807739489,1.52698970554229,1.49660464085329,1.46683933084564,1.43763480223605,1.43763480223605,1.39475346700232,1.35334580640041,1.31376565373192,1.27610962931131,1.24012936862516,1.20531054457974,1.17114692735447,1.13777200812157,1.10557841399624,1.07494835839533,1.04601596462953,1.01847046301651,0.991725335970551,0.965169143827273,0.938640710526309,0.912729683973416,0.888131043700388,0.865439709352925,0.844496411060436,0.824698028061861,0.804205107652146,0.782365511323659,0.759481658137814,0.736726115605934
2.51720140603501,2.45626893397127,2.39376533740349,2.33175251547806,2.27224756720197,2.21669381272794,2.16531981927753,2.11651873684933,2.06886606497069,2.02169376296471,1.97509425135517,1.92974178686709,1.88633018714934,1.84514271881359,1.8058792214154,1.7677875809257,1.73037528789805,1.69350779927677,1.65748444131828,1.6226614388176,1.58942003992178,1.55753913022395,1.52659146153993,1.49623574278902,1.46640287922089,1.46640287922089,1.4226196072703,1.38032757011216,1.33994436219599,1.30157437707667,1.26494170722562,1.22946890021866,1.19460184697664,1.1604660050428,1.12751733723663,1.09620895672501,1.06671680111538,1.03870542600902,1.01148162896507,0.984370356102911,0.957188365929125,0.93060785396789,0.905461510781929,0.882418799077211,0.861311265912488,0.841368640834074,0.820562785541215,0.798070371865086,0.774234182551935,0.750414153585748
2.56766584391314,2.50559920481006,2.44167270306851,2.37817587461291,2.31723745171226,2.26046568914914,2.20810023431627,2.15841989101393,2.1098747780484,2.06175507713747,2.01417826116119,1.96783198321191,1.92349664410162,1.88148319688615,1.84146522310764,1.80264221665202,1.76446535821836,1.72680241684296,1.68999031055233,1.65442597867964,1.62050800265671,1.58801343312776,1.55647334556868,1.52550726869516,1.49504803689822,1.49504803689821,1.45035562827259,1.40717402229719,1.36596285514772,1.32683321066685,1.28950068319471,1.25333719934529,1.21774996012453,1.18287304672611,1.14920799500124,1.11724334340539,1.08716000354874,1.05863208645481,1.03089537909453,1.00322146964084,0.975422257584086,0.948213939558124,0.922536229092908,0.899108202754573,0.877730836993528,0.857536269772538,0.836383216666104,0.813301797881531,0.788656987187924,0.76402647377155
