"","V1","V2","V3","V4","V5","V6","V7","V8","V9","V10","V11","V12","V13","V14","V15","V16","V17","V18","V19","V20","V21","V22","V23","V24","V25","V26","V27","V28","V29","V30","V31","V32","V33","V34","V35","V36","V37","V38","V39","V40","V41","V42","V43","V44","V45","V46","V47","V48","V49","V50"
"1",0.216864512435825,0.0498366317339886,-0.105159196031609,-0.148170702900052,-0.0659758861062757,0.0666191085261808,0.144493288613817,0.109934334792336,-0.00893492021451517,-0.119104839037156,-0.137350886427319,-0.0504972359294061,0.074826877094377,0.143321653587062,0.10316615152386,-0.0152811220384264,-0.121932389963862,-0.135553208680097,-0.0458332283371742,0.078832133448313,0.143601296837446,0.0996239292409717,-0.0196861262089093,-0.12359045167454,-0.133703200670065,-0.0414086907755368,0.0868785969595204,0.149424803085921,0.0991129051482941,-0.0263930300466258,-0.132981959574334,-0.140307718601196,-0.042242767024277,0.0880596863837008,0.152317545483552,0.101583809194855,-0.0271797197085387,-0.137473583328544,-0.145513150901329,-0.043660530295573,0.0925368733264006,0.160631024539319,0.107520384034367,-0.029429869107775,-0.150404860128345,-0.164797013091919,-0.0569557717738925,0.105928162270661,0.220736056934329,0.223340182648048
"2",0.314797657827595,0.0632003204295367,-0.165576062221724,-0.223579156080407,-0.0941657858155123,0.106767095998546,0.220208242314616,0.161957096758633,-0.0203383283753292,-0.184705228583217,-0.206780995372989,-0.0708183953307798,0.118787266542864,0.217854259326392,0.151609626111049,-0.0296736670199621,-0.187889089166455,-0.203003042330701,-0.0636810870167206,0.123997489056093,0.217541108392915,0.146265239595878,-0.0356428679819661,-0.189963301506679,-0.200219399189694,-0.0571274473549993,0.136330785451191,0.226830060056197,0.146174805618701,-0.045196916301391,-0.2036415621308,-0.209717344288485,-0.0580631211654065,0.138057355058626,0.230884464894038,0.149577385320114,-0.0462696509899803,-0.209889345161721,-0.217081567017955,-0.0600739067371554,0.144805590698051,0.243645023364111,0.159339763797687,-0.0492828332197784,-0.230035064697009,-0.246956420877835,-0.0790087544889981,0.168683453982737,0.34007656297397,0.339441223657875
"3",0.376788038414058,0.068132952231874,-0.208546227135881,-0.273865086226936,-0.110619073286396,0.136412598512598,0.272038560411128,0.195366061830213,-0.0308482636200665,-0.230846783313828,-0.253152595350372,-0.0820246261763011,0.15100745883577,0.268701165641346,0.182433647842802,-0.042152457920487,-0.233858245375607,-0.247587676503499,-0.0732647070896971,0.156465607553584,0.267464542748721,0.175873906378322,-0.0486454521916279,-0.235663468947319,-0.24407536205666,-0.0655798194576007,0.171367355907108,0.279018886946271,0.176262340430322,-0.0598390897159695,-0.252001517583161,-0.255391885526033,-0.0666284895941413,0.173172864015965,0.283499514437775,0.180150658575606,-0.0608246735321559,-0.25889040579839,-0.263907963448565,-0.0693462976684061,0.180789910495483,0.298865181301478,0.192799707861754,-0.0636148170251922,-0.28343849038123,-0.301055407822933,-0.0924584391830898,0.211586173938042,0.420107516179054,0.416471932816068
"4",0.396700777448374,0.0669858288817539,-0.225829826239726,-0.291941311605981,-0.114921026116894,0.149034881153694,0.291497922510782,0.206270647565249,-0.0368771729783628,-0.249198114817737,-0.269689271691157,-0.0840733765440476,0.164816034404434,0.287641968557817,0.19202497801888,-0.0490928565611888,-0.251798574569047,-0.262939232472625,-0.0745669160065307,0.170010919405407,0.28559405749441,0.184892664638327,-0.0554802288915707,-0.253163112802297,-0.259042475081973,-0.066565758750418,0.185740226553372,0.297946118128506,0.185522389098984,-0.0671720914995661,-0.270311518662575,-0.270787753930569,-0.0674738333457735,0.187509791451149,0.302308383505287,0.189336940420027,-0.0680278558299724,-0.277035488314929,-0.279408350301192,-0.0705309342476364,0.195065468587927,0.318411306427204,0.203304804709278,-0.0703288916979158,-0.303077515529243,-0.319385342062207,-0.095155607767687,0.228929987048291,0.449690737392535,0.44346409991289
"5",0.370245138944537,0.0585974726340781,-0.215805909051162,-0.275057552503721,-0.105500284582146,0.143765305503613,0.276063468650017,0.192570089408392,-0.0383650124360188,-0.237594528676999,-0.253870907654758,-0.0760974063056893,0.158788165888774,0.272092306781591,0.178700890127928,-0.0500010443049269,-0.239442303867744,-0.246726738203956,-0.0669725472159173,0.163069993829733,0.26939552043293,0.171758876730441,-0.0555425432315977,-0.240168294376748,-0.242902685907678,-0.0596339850857573,0.177711823693952,0.281018788994179,0.172485021090924,-0.0663891597877325,-0.256099771284005,-0.253682838404807,-0.0603462426916803,0.179140542783996,0.284668299454242,0.175771701404361,-0.0669578232171396,-0.261815347150496,-0.261366144549098,-0.0633895397993943,0.185692311036852,0.299515058185941,0.189299864575247,-0.0685489273156164,-0.286283473394185,-0.299498188732194,-0.0867913559112126,0.21837142404811,0.425031926509554,0.41711444612003
"6",0.299369948945405,0.0435112410620079,-0.179260520956634,-0.224567357293538,-0.083229352578386,0.120977350286422,0.227100557129062,0.155590830945383,-0.0350670902198286,-0.197058544389038,-0.207257208315131,-0.0589876698302183,0.13340715611496,0.223559787895105,0.143847888405385,-0.0446898605042942,-0.198006562948099,-0.20069874222037,-0.0513971447261293,0.136315695517512,0.220643552497312,0.137993704617042,-0.0487286076124976,-0.198064981917231,-0.19750131526549,-0.0456598354239599,0.148091608250204,0.230155343024659,0.138748832959309,-0.0574546077288251,-0.210980530228204,-0.206150903619954,-0.046206816772607,0.1489801509796,0.232711711053161,0.141196743617699,-0.0576427387846171,-0.215056388065028,-0.212064355759595,-0.0489119336676974,0.15380033642453,0.244656282342179,0.152765301322891,-0.0583167823490501,-0.235092578768179,-0.243942649040729,-0.0685761950684874,0.18101900521152,0.349147713389862,0.341010601097588
"7",0.19374721375716,0.0245913516579071,-0.120119394858883,-0.146715138919189,-0.0513317838220066,0.0828598693347926,0.150202053209345,0.0999021387312578,-0.0269172587984583,-0.13202448926848,-0.135338669784709,-0.0350407445719106,0.0913355331355705,0.147607043345014,0.0916555332694636,-0.0335623519817859,-0.132169224779094,-0.130183330069557,-0.0297290276455112,0.0927338861201758,0.144910690625882,0.0874780536310157,-0.0358430306004463,-0.131714392536237,-0.127993881176905,-0.026178687694009,0.100322668942925,0.15112487870334,0.0879968723055041,-0.041586685573791,-0.140169648387645,-0.133469238270326,-0.0263860343050647,0.100707063928059,0.152373344770015,0.0892691007877014,-0.0415421237784772,-0.142274328475721,-0.1369035808417,-0.0282448399131714,0.103436439228395,0.160049559250605,0.0973466126726938,-0.0414267897469219,-0.155620230278328,-0.158723911095113,-0.0417545151389109,0.121909067895685,0.230742713573783,0.223008436154352
"8",0.0657295498635126,0.0035442816350456,-0.0460432010708747,-0.0511922721869047,-0.0135755074065587,0.0344271263279875,0.0551108201682488,0.032366836111363,-0.0152163579329533,-0.050812370124842,-0.0470411143496192,-0.00702315627122704,0.0379918657757614,0.0536897888037314,0.0284609850173389,-0.018140133521653,-0.0501106329159874,-0.0438481798876827,-0.00457859340057612,0.0377419163532329,0.0515258419776551,0.0264002736239723,-0.0184864390810128,-0.0492656821350304,-0.0429039436057224,-0.00357452241713494,0.04026462792452,0.0536289669036605,0.0264885110520826,-0.0206698450283772,-0.0522777941570632,-0.0445085271087198,-0.00335244653054424,0.0401124594061746,0.0533696980511186,0.0263675864550664,-0.0204363150255552,-0.0521561126081317,-0.0450223724592736,-0.00408498479312017,0.0404823968102852,0.055894394758772,0.0299266708305444,-0.0196831337570867,-0.0573288463834363,-0.0541538406525971,-0.00975269755745463,0.0479354230123406,0.0839926100015287,0.0774069097583453
"9",-0.0675371119032298,-0.0166245872155809,0.033337956745652,0.0493703736627705,0.0247848555618473,-0.018261524223664,-0.0457754999406327,-0.0379326236784141,-0.00113102384527446,0.0361169111621445,0.0459087553072952,0.0210090019954379,-0.0199432723324053,-0.0458812972597029,-0.0371397718417858,-7.99551087643304e-05,0.0375377973516901,0.046782330336614,0.0203916229626264,-0.0216996868343291,-0.0472287984936097,-0.03694008621056,0.00138753312177716,0.0385782611875601,0.0464224654047726,0.0188597589918995,-0.0244343429682446,-0.049499680296464,-0.0374114133091563,0.00288099374244286,0.0412675076733987,0.048860755284658,0.0195309397368243,-0.0250580573407184,-0.0512122046989426,-0.0389416040476449,0.00319600042522197,0.0435278673308866,0.0513219530141504,0.0201152144836609,-0.0269365648323542,-0.0540404069726508,-0.0403880437290007,0.00430668161163309,0.0469681253335275,0.0559164815405015,0.0229883603328212,-0.0313062560777466,-0.0716672002262341,-0.0762575815636976
"10",-0.188635014544367,-0.0333968398292865,0.107267923032798,0.141474975737598,0.0588132872683517,-0.0679190210877115,-0.138864029568509,-0.101773198242947,0.0131320234525845,0.116934578727632,0.131157025669258,0.0456033393503148,-0.0744141747965231,-0.137732675967482,-0.0966124891162769,0.0178581866898571,0.118871872539449,0.129699405618298,0.0421391832852912,-0.0773837004662871,-0.1381135471696,-0.0942808046057687,0.0208326443872607,0.119921051788695,0.128133042093012,0.0383764748700724,-0.0848935850730711,-0.144433933565668,-0.095359524832754,0.0256296449046384,0.127821841138754,0.134269982286315,0.039490443191673,-0.085858853264801,-0.147373805235448,-0.0981205320587863,0.0259464642152536,0.131870759510386,0.139351265444987,0.0413288991998373,-0.0896480111368042,-0.155047031862736,-0.104313976020356,0.0271900383219962,0.143243823253592,0.156825695599152,0.0522519127721262,-0.105085509332105,-0.215423113775419,-0.217519864797137
"11",-0.282976123760523,-0.0456097488112433,0.165916558105395,0.213635915160372,0.0847401231733746,-0.107749921891697,-0.212265734836278,-0.151351177639152,0.025352110333035,0.18114920647851,0.197956709460879,0.063942271045421,-0.118223410577425,-0.210127641086771,-0.142584691806116,0.0330956051849653,0.183366142465602,0.194412692495017,0.0581397332890481,-0.121990482741011,-0.209500654532453,-0.138454669261897,0.0371551383478235,0.184254272605844,0.19183322779872,0.0526550054375189,-0.13321651583907,-0.218985641744657,-0.140011025066545,0.0445521323777564,0.196230686315749,0.200793668391149,0.0540381031715901,-0.134420157039656,-0.222758383621532,-0.143617291246644,0.0448243566816753,0.201487531926936,0.207766051615477,0.0568905765759131,-0.139526287788999,-0.234104853196335,-0.153613716117941,0.0460236768886136,0.219090035462674,0.235515179415296,0.0741946691679924,-0.163898574874354,-0.32866736944189,-0.328043662105902
"12",-0.338346565479103,-0.0514320653256543,0.201880020049679,0.256463299287525,0.0989490133332959,-0.132889953117333,-0.256543467116587,-0.180036347599498,0.0342243563370248,0.220528735923735,0.237489333280711,0.0733678061722258,-0.145853333420331,-0.253585054552794,-0.168806723041148,0.0439057296107177,0.222658928665867,0.23228728259626,0.0660090821245595,-0.149884254685355,-0.252007554293417,-0.163431714332498,0.0484879263945138,0.223241640064571,0.229021184917165,0.0595477274070351,-0.16326712123957,-0.263330109257249,-0.16524673401631,0.0574385848539913,0.23758458254571,0.239508729213586,0.0609777277249753,-0.16451354200284,-0.267356466582753,-0.169160901624369,0.0576269724706612,0.243286582941978,0.247371087808727,0.0644341902706106,-0.170224448513067,-0.280788691793894,-0.18156235385749,0.0586288981779718,0.26467214495623,0.281527654906444,0.0856972655488413,-0.200171798494381,-0.396446162317837,-0.393040409975163
"13",-0.347523725822734,-0.0501936937598896,0.2103835473951,0.264397568959568,0.099675626857805,-0.139972754268522,-0.265915212191042,-0.184204227333687,0.0384583697926676,0.229896659157579,0.244700234672033,0.0728219270594786,-0.153608064817456,-0.262519164764872,-0.17207749569469,0.0487035227198395,0.231641375560789,0.238576721517556,0.0649508092855066,-0.157335562499482,-0.260207312985255,-0.166193990891013,0.0531644614350367,0.231794480091285,0.235030901906069,0.0583823228503514,-0.171023771542944,-0.271798503666706,-0.168029729667358,0.0624093309305611,0.246505098262122,0.24560033573929,0.0596868050098084,-0.172106342455158,-0.275503361142179,-0.171724693012563,0.0624592421927981,0.251846991895531,0.253269561776486,0.0632888542787678,-0.177603931104488,-0.289125893684233,-0.184787306734391,0.0631061779714008,0.273983284604731,0.28902612608674,0.0855459699614476,-0.208946582038211,-0.409900292840417,-0.40422943422547
"14",-0.309863672931321,-0.0422965151884218,0.19036039348318,0.23659656481156,0.0869667570469966,-0.128107630400384,-0.239324926082881,-0.163467947820622,0.0375040494025748,0.208198962463237,0.218838459896237,0.0624246443459957,-0.140621682342677,-0.235997647836833,-0.152093631443117,0.0469563635119021,0.20937622946487,0.212663313072111,0.0551036345010828,-0.143596930058796,-0.233323200253926,-0.146518081157225,0.050720133249191,0.20912484783199,0.209343524060356,0.0493052025120623,-0.155763577740255,-0.243636144600717,-0.148130820622136,0.0590222692428028,0.222237244496517,0.21857903902799,0.0502918426967136,-0.156585014284299,-0.246571131764442,-0.151131456217832,0.0589471411966185,0.226550296104429,0.225063231072121,0.0535532258205916,-0.161157471555617,-0.258582701663461,-0.163111268305334,0.0591707639969384,0.246479527596187,0.257607777894804,0.0738134736829062,-0.189648183696381,-0.368151309287234,-0.360925406729899
"15",-0.230936660370133,-0.0289258244668114,0.144725102431512,0.177130355194349,0.0627315413680464,-0.0989579915627569,-0.180623727953639,-0.120911394413516,0.0313681440084588,0.158501973625762,0.163686554055574,0.0438035644638408,-0.108661490097765,-0.177823697245753,-0.111816694546204,0.0387879412248649,0.158983162016252,0.158288808015385,0.0379830928259552,-0.110521052009978,-0.175162077022022,-0.107286768570975,0.0413749085604904,0.158375754583057,0.155637719986624,0.0337181634922945,-0.119541641906662,-0.182811949282697,-0.108457513841734,0.0476140545675949,0.168121938493463,0.162292381577274,0.0342498376962583,-0.120002633503673,-0.184592952563954,-0.110346670021157,0.0474601383364471,0.170856834620776,0.166715290876126,0.0366995775386963,-0.123060147591245,-0.193384452495343,-0.11963039765022,0.0472329231510016,0.185894052961277,0.191679894275306,0.0522783439124532,-0.144814136915269,-0.276958631123463,-0.269215482246605
"16",-0.121112784600424,-0.0115931229259085,0.0798360835926613,0.0940053432515274,0.0300114375567934,-0.0567122782320536,-0.0978367696206301,-0.0621666755613689,0.021104811956209,0.0876648812964695,0.086667211523317,0.01931753061969,-0.0621926120040819,-0.0959109507254221,-0.0566306149412194,0.0254305465938359,0.0873793170460404,0.0828145068932335,0.015811924963836,-0.062715085141049,-0.0936706664359839,-0.0537761626232656,0.02651497922159,0.0865377263396216,0.0812188084608918,0.0136522371960064,-0.0673978335521545,-0.0976605688664194,-0.0543762064891227,0.029829487811043,0.091607611712668,0.0844253825655848,0.0136997042144915,-0.0674154865468219,-0.0980651184942973,-0.0549283035458557,0.0296231508065223,0.0924467742777165,0.0862424543036863,0.0149928673520325,-0.0686218640596064,-0.102531960125746,-0.0602891453147931,0.0290253465884233,0.100653993988849,0.100337908297536,0.0238567676587323,-0.0807004537419029,-0.148941676628558,-0.141752220442629
"17",0.00448775721537053,0.00724833059035508,0.00453584208549202,-0.00136540745730223,-0.00664977231683181,-0.00711238747227929,-0.00230277993758801,0.00467302776453587,0.00807255224881846,0.0053687923524735,-0.0016390246962681,-0.00762733964307436,-0.00755687700394922,-0.00148636903767597,0.00588228799211303,0.00868719984823548,0.00435142942343024,-0.0034281767948979,-0.00836057039689174,-0.00669018193125065,2.12195775613599e-05,0.00668219459673883,0.00813099057056033,0.0033939362306069,-0.00374831082691674,-0.00811922473366412,-0.006413321868425,0.000208730766242127,0.00671284235238906,0.00805942482346013,0.00310436603498233,-0.00440291895287304,-0.00852957400556292,-0.00595720526371486,0.00124020073449302,0.00756174829047247,0.00783231296538475,0.00195531369352907,-0.00542576091515829,-0.00858932537869985,-0.00518876388960096,0.00166095506658837,0.00682593598956168,0.00694506391236456,0.00226687390951294,-0.00400035560931994,-0.00749625485459623,-0.00588314121908814,-0.00139194140820175,0.00421867201272697
"18",0.128888902766728,0.0251649116494363,-0.0708767267235314,-0.0960940469929462,-0.0423661633565143,0.0430570442061305,0.0930045782959056,0.0705812891703957,-0.00589636150284132,-0.0771742187843392,-0.0892507997454384,-0.0334110111517685,0.0477827471746455,0.0925981642645687,0.0672344473908055,-0.00913919846859064,-0.0787940830155843,-0.0887098299948317,-0.0312573670992928,0.0499189096999155,0.0931668815494526,0.0658825669577382,-0.0112466494266304,-0.0797318084433709,-0.087724323412554,-0.028668222117428,0.0550933212369054,0.097487157293135,0.066523404952458,-0.0147127315785957,-0.0853368106201593,-0.0921149221385601,-0.0294361056515926,0.0559933550540948,0.0998099101023623,0.0686341443615607,-0.0149340120302718,-0.088304138847711,-0.0958376344277384,-0.0308717068174974,0.0585955922814727,0.105048991263569,0.0726488033740754,-0.0159389176639384,-0.0958759072394995,-0.107236195129861,-0.037666993460849,0.0693511111517496,0.145635267406163,0.148960326314529
"19",0.23516299532327,0.0395120605243259,-0.136409401851236,-0.177386156862812,-0.0721299035601988,0.087228703422994,0.175296703744494,0.12657321395281,-0.0190873247001923,-0.148943528389,-0.164341961476069,-0.0544498664858506,0.0964898807215036,0.173721805288556,0.119114410475687,-0.0257579748546048,-0.150946491557877,-0.161545981143578,-0.0497095724948868,0.0995984526151504,0.173271139964084,0.115808140716092,-0.0291169489083251,-0.151730064642222,-0.159401138494469,-0.045146924450188,0.108943010675541,0.181126626577832,0.116967357023669,-0.035506322556285,-0.161882514902885,-0.166918798091496,-0.0461579776161978,0.11017175947567,0.184423733593281,0.120053992973614,-0.0356831426700087,-0.166260776622272,-0.172843678151602,-0.0487989742136032,0.114226384462588,0.193752489312472,0.1282799427282,-0.0366403032522124,-0.180641670859491,-0.195479658280112,-0.0625392217451903,0.134951817268647,0.272360408146017,0.272984815551505
"20",0.309125897433387,0.0483113680609921,-0.183359244945276,-0.234391871259882,-0.09192647508009,0.119571118264843,0.233625579897113,0.165156060071421,-0.0297961240192286,-0.200410681813639,-0.216898277088753,-0.0678923047890534,0.13212165955543,0.231094541516336,0.154584192874168,-0.0390131633508932,-0.202546539399019,-0.212246749441714,-0.0612207580065866,0.135801754715686,0.229720742545256,0.149812109135265,-0.0431568230580045,-0.203089804648301,-0.209269288630487,-0.0553301577010736,0.148040248725431,0.24005546162807,0.151336078019732,-0.0516118129500507,-0.216428150619941,-0.218906465926895,-0.0564453475448757,0.149450511841231,0.243905513186382,0.154998487773181,-0.0517211945184991,-0.221653834524255,-0.226280573813946,-0.0599693840262237,0.154412154873048,0.25610368711012,0.166383754664692,-0.0524548551691185,-0.240881501601815,-0.257102245186388,-0.0788263425026458,0.182263028531179,0.362008107696541,0.359797161399553
"21",0.341314299998261,0.0506793180012527,-0.20539998602117,-0.259656707497074,-0.0993218834066076,0.135651583183831,0.260257139122677,0.181367166943391,-0.0364272375431172,-0.224680117813641,-0.240043337587771,-0.072140555889721,0.149824985126788,0.257126424521112,0.16909055374122,-0.0469850681946377,-0.226699014269901,-0.23417822674372,-0.0644172839245442,0.153628529953288,0.255051988472011,0.163500688046638,-0.0513804835068683,-0.226955579788504,-0.230778605547563,-0.0579894790052155,0.167108920989227,0.266463383513622,0.165164408691951,-0.0607855227722215,-0.241697826443701,-0.241239306528918,-0.0590428760275361,0.168543781811713,0.270372068986811,0.16891082260308,-0.0608354584858627,-0.247100648214918,-0.249088825129721,-0.0629679193466164,0.173767810414534,0.283817474940396,0.181931654942095,-0.0612356312110957,-0.268554124529345,-0.283909899622452,-0.0844076615644092,0.204905581709483,0.402589247276436,0.397831030039494
"22",0.327276169921598,0.0461069419191365,-0.19967548031905,-0.24973343750189,-0.0931778428902988,0.133429529057805,0.251617293988923,0.172908505035375,-0.0382300555470508,-0.218537793714595,-0.230590425615905,-0.0664791590172669,0.14732083946301,0.248303423545956,0.16056587800546,-0.0487283338993597,-0.22019827737843,-0.224322303291442,-0.0587410357339121,0.150774302559392,0.24585600475098,0.154939306218382,-0.0527989719341332,-0.220170221636375,-0.220986713254444,-0.0526567818162185,0.163673667221178,0.256797637403384,0.156504278037255,-0.0618999642100763,-0.234338214843308,-0.230863554747611,-0.053493944888655,0.164967333601389,0.26026723561089,0.159840919786703,-0.0619066722192482,-0.239236948307957,-0.238177384797575,-0.0573041339411748,0.169775335696507,0.273196821503665,0.172784852350414,-0.0618973171385196,-0.260016885522181,-0.272311439417603,-0.0784750042256556,0.199899651702467,0.388646834039703,0.381904552856671
"23",0.269251455815631,0.035431816689491,-0.166948109970308,-0.206118854939999,-0.0745254592456575,0.113117358450561,0.208974184789526,0.14115337626618,-0.0347805865943543,-0.182827041678203,-0.19003018573001,-0.0519281994815606,0.124854213658149,0.205953303616906,0.13042990075965,-0.0438192492171021,-0.183954958601576,-0.184233462570053,-0.0451995593660575,0.12755504793638,0.203528258693299,0.125541028345497,-0.0470619275680333,-0.183714204929531,-0.181450714777028,-0.0402696425604684,0.138161624648522,0.212540828359792,0.126786496277829,-0.0546596265911236,-0.195433333950351,-0.189443377586762,-0.0407848404638938,0.139177390650319,0.215157946240533,0.129285671027332,-0.0546632682879891,-0.19923748014734,-0.195276657716222,-0.0439400424412873,0.142999876602558,0.225904757734028,0.14043275574961,-0.0542771800428864,-0.216610844288852,-0.224187326740726,-0.0620350829032816,0.168015549114852,0.322446379019674,0.314614552267575
"24",0.175468630599441,0.0202921934293274,-0.111677626867871,-0.134902368924067,-0.0460567878489253,0.0774504364784613,0.138243870454232,0.0905740402586776,-0.0264707496862431,-0.122449095997477,-0.124005697136831,-0.0305938178185876,0.0854491050149349,0.135933126889911,0.0829340158986929,-0.032832431683875,-0.122932738280263,-0.119494744793338,-0.0257553802067315,0.087099996968454,0.133901425938669,0.0794205620110027,-0.0348785306423594,-0.122564253936789,-0.11763570826909,-0.0226053904130118,0.0940143631277005,0.139764659843583,0.080144641949789,-0.0399882131977896,-0.130286392697061,-0.122686153153131,-0.0227283190896362,0.0946409273810833,0.141209641171457,0.081478106813968,-0.0400240646578482,-0.132536576967189,-0.1262697232647,-0.0247509117627243,0.097044606505009,0.148364820351733,0.0892864684989502,-0.0393863290937432,-0.144201370861563,-0.146053834438923,-0.0373214132356031,0.113557990268758,0.212945495459707,0.205073590683646
"25",0.0585361579139215,0.00269094619726121,-0.0413725283852808,-0.0457050797043359,-0.0115925592636262,0.03126377049653,0.0489690984065046,0.0279771665296946,-0.0144451064954948,-0.0455628031699688,-0.0414072808697585,-0.00531645620514159,0.0344476825274126,0.0476665508978011,0.0244325874785387,-0.0172833959997343,-0.0453369012359557,-0.0387726141556724,-0.00299144813277143,0.0348364539277025,0.0462891215879743,0.0227423145465282,-0.0178747074156812,-0.0448878361158457,-0.0380713291271459,-0.00203082911388962,0.0371236130860622,0.0481877450459932,0.0228123131128475,-0.0198283216959145,-0.0475724697152621,-0.0394894731820413,-0.00174320646165646,0.0372717427965271,0.0482575494750457,0.0227906843912877,-0.0199020312498401,-0.0479654603129547,-0.0403237907038857,-0.00233628299678793,0.0379416987428117,0.0508443405897798,0.0261904552589916,-0.0190960555434778,-0.0523335744470013,-0.0483072265907385,-0.00771305716236634,0.0436754731189869,0.0746933183514325,0.0679132290555083
"26",-0.0659664582089391,-0.0156141386699718,0.0337598397412064,0.0490140690216711,0.0242847651412554,-0.0187873590314557,-0.0463707064272985,-0.0381219787068545,-0.000673604300403567,0.0369586855791499,0.0463259753298535,0.0205827740983257,-0.0208958375783438,-0.0465789631189705,-0.0371025538756127,0.000476409564771976,0.037981971368011,0.0468071473323933,0.020087511005692,-0.0218879646803806,-0.0471927580963764,-0.0367826407016861,0.00144183787468087,0.0385022968498054,0.0462930895450683,0.0187710152373893,-0.024502670306605,-0.049496927554507,-0.0373628828656252,0.00293208681427779,0.0412520736818067,0.0487416364360682,0.0194252160167561,-0.0248952363193449,-0.0508482923003946,-0.0387368791847703,0.00286307383535459,0.0428095584821958,0.0507997668118962,0.0203617391305573,-0.0260272483404135,-0.0531472991685923,-0.0401776770910486,0.00371681785378386,0.0462734193796187,0.0556579396768695,0.0229824755876982,-0.0315617166466411,-0.0726965260379247,-0.0774614841044832
"27",-0.180331758239843,-0.0311358343056594,0.104394273195483,0.136808003368134,0.0565762836245691,-0.0663613912377347,-0.135234021353673,-0.0987485912168927,0.0133712451471749,0.114430744993278,0.12756324754295,0.0434778680010922,-0.073445934831096,-0.134336685637872,-0.0933511450985799,0.0183109459630309,0.116079602890749,0.125836449769264,0.0402873631385654,-0.0756202739050047,-0.134091311212687,-0.0911213730199513,0.0206199033416536,0.116556431735403,0.124186508790036,0.0369128819316721,-0.0827572420947291,-0.140317683805878,-0.0923516362386877,0.0252740975936445,0.124316890666458,0.130159079044078,0.0378529380939257,-0.0836285384927309,-0.142902896885677,-0.0949032093879324,0.0251828176844022,0.127573449853425,0.134823406498715,0.0402423536695718,-0.086337885330884,-0.149726079217026,-0.101006877197544,0.0259048028582815,0.138321793784398,0.151793896460027,0.0503972153132092,-0.102516401457338,-0.210105052281622,-0.212206756636715
"28",-0.270358639942501,-0.0423590583829789,0.16106960028908,0.206198508547059,0.0811674804716992,-0.105125927799481,-0.205970788211763,-0.146047181849006,0.0257497771413595,0.17664251693016,0.191662572883332,0.0604093244915501,-0.116276171020456,-0.204105236609319,-0.13697860678296,0.0338388204460356,0.178702219732244,0.187954643847152,0.0549596275056166,-0.119323371297604,-0.203018866498634,-0.13315408038425,0.0371395953185044,0.179028398044637,0.185387802966489,0.0500145318743648,-0.12998950238583,-0.212327642247389,-0.134888762023331,0.0443146524142149,0.190753243155386,0.19408879062609,0.0511224196214705,-0.131211830459913,-0.215788945220813,-0.138279869242464,0.0441853293498531,0.195240305601165,0.20073473673329,0.0546990924909729,-0.135054417963119,-0.226172288382614,-0.148250622971366,0.0445942106741823,0.211745800000282,0.227527375011334,0.0710951702324482,-0.159600670011634,-0.319187310566953,-0.318380585756147
"29",-0.324065067087327,-0.0480475760746023,0.195886267098656,0.247761648702684,0.09489500504571,-0.129592552830714,-0.24884871119026,-0.173659833670497,0.0345731703676355,0.214948385675227,0.229884981333946,0.0692395843042831,-0.143337431478353,-0.246290045923458,-0.162138545978481,0.0447485437846098,0.217176975943099,0.224717926817625,0.0622545369846197,-0.14689090537593,-0.244544047407291,-0.157240782133144,0.0486185699422917,0.217332006324011,0.221589448630363,0.0563983705128384,-0.159658895035659,-0.255687300986628,-0.159241703459806,0.0573618124720063,0.231456005779054,0.231852704078332,0.0575149202184316,-0.161094045651942,-0.259583074138225,-0.163023809484579,0.0572245367398841,0.236598054076174,0.23960956216772,0.0617980942729335,-0.165566601736717,-0.272138919472708,-0.175516581012384,0.0572751306154658,0.256633052586691,0.272605416230338,0.0822324657369085,-0.195143104421887,-0.385203464962314,-0.381604564393968
"30",-0.333890013779291,-0.0471814747487209,0.204252528835161,0.25580392439738,0.0957217111049304,-0.136596784775937,-0.258076060795648,-0.177727394721789,0.038791380269669,0.224220539491165,0.237002317006925,0.0686561858020836,-0.151057328889198,-0.255173987844988,-0.165336790299763,0.0496654258134706,0.226334543042685,0.231097930278265,0.0610863118102975,-0.154660548580816,-0.253038219742332,-0.160045224425208,0.0535861922655261,0.226310370551396,0.2278481125652,0.0551200443630602,-0.16780529561896,-0.264521271482183,-0.162054936804006,0.0627102891293409,0.240932115091925,0.238303855086132,0.0561105816516276,-0.169260151911011,-0.268343647315108,-0.165738235723943,0.0625834974065339,0.246057694925336,0.246150275505477,0.0605285600785498,-0.173774984075684,-0.281394070132895,-0.179075559474908,0.0622632502295746,0.266913017823471,0.280907400709027,0.0822813637813707,-0.204326199393284,-0.399193161698634,-0.39330140609203
"31",-0.298497295089633,-0.0399997957297428,0.184834070507168,0.229133964000153,0.0836184985066204,-0.124993461769458,-0.232231862878481,-0.157676309911524,0.0377025551741923,0.203016598818379,0.211951020866011,0.0587935989491705,-0.138223198976141,-0.229397056250282,-0.14610100887319,0.0478203407842353,0.204769390701056,0.206132174185477,0.0516478942213891,-0.141446023839016,-0.227217613276184,-0.141146976664335,0.0512945167800195,0.204609962251184,0.203213699874985,0.046364467124761,-0.153201114215061,-0.237486169666292,-0.142884274769341,0.0595756143942706,0.217761526645741,0.212451706708012,0.0470841728819221,-0.154511616527296,-0.240751504010996,-0.145976902459296,0.0595079943838864,0.222220676479611,0.21934767194505,0.0510161769794719,-0.158506859651837,-0.252570883420183,-0.158362429754582,0.0588748058162847,0.241077750562321,0.251145912287088,0.0711440005982784,-0.185831911758843,-0.35902440330968,-0.351611632441299
"32",-0.222803906776738,-0.0275982408267049,0.140202752847517,0.171379092267877,0.0602819983339303,-0.096271699366505,-0.174741075558793,-0.116205174788124,0.0313927918406436,0.154105763352832,0.158052546929956,0.0410070142028762,-0.10647398982084,-0.17234101228796,-0.106998437074161,0.0393996175088069,0.155274132967531,0.153095691226331,0.0352145081549113,-0.108927248899478,-0.170432546289792,-0.103027566260172,0.0420088183010136,0.15503363006708,0.150886424710232,0.031291359948954,-0.117714423382642,-0.178069297427494,-0.104212491481783,0.0483445043736745,0.164910519678096,0.157615522036851,0.0316028346193598,-0.118729986063717,-0.180338780642036,-0.106271468492848,0.0483877961694612,0.168128668792034,0.162613492238265,0.034458465906183,-0.121715412257649,-0.189324015648054,-0.115972986644774,0.0475833798311458,0.182435115387524,0.187082847636597,0.0501692544005103,-0.142090652077914,-0.269820898651459,-0.261738850190687
"33",-0.116700292520481,-0.0113389326083836,0.0765401002589307,0.0903175835704777,0.0287313114366637,-0.0544566663988507,-0.093453988427587,-0.0588941371312207,0.020828870426731,0.0842057809975303,0.0826232968667991,0.017657747463569,-0.0601759744430952,-0.0917728171315633,-0.0533242155734244,0.0255716028731682,0.0845840515055696,0.079204079809351,0.0140319549204169,-0.0615151919864192,-0.090405405958525,-0.0508952081622914,0.0269481208638183,0.0842931239338072,0.0780050161098547,0.0120027959814491,-0.0661228912817902,-0.0943579781399374,-0.051375193871023,0.0304440893098011,0.089516268896412,0.0812963507235456,0.0118857073391622,-0.0666735726316053,-0.0953026539944301,-0.0521247795786816,0.0305759018801391,0.0910441072213067,0.0837144256593118,0.0132734298066067,-0.0682476367795581,-0.100240732713307,-0.0578266344232413,0.0297135171143478,0.0988408468898529,0.0974937050833062,0.0224413773223181,-0.0788118340770157,-0.143665044724503,-0.136093349230277
"34",0.00520829058230343,0.00645655568655419,0.00248470707739653,-0.00299562319901269,-0.00669181908805179,-0.00518593320372761,0.000592722324248046,0.0064249609401062,0.00737034632595026,0.00278705680482124,-0.00403031538557463,-0.00798628176894774,-0.00557759809975109,0.00131487945623726,0.00753182772460127,0.008159941862659,0.0023379096729503,-0.00541526235899906,-0.0089543230848719,-0.00565407288263233,0.00192061406758616,0.00808446152094747,0.0081332168914673,0.00205254132372116,-0.00543547980945898,-0.00882306187969512,-0.0054591096752273,0.00218725802208347,0.00836407909434118,0.00829046609319339,0.00189491788601663,-0.00602567123452794,-0.00932860394468907,-0.00546488340510027,0.00267354999852528,0.00900655088540765,0.00850742643512772,0.00155776223802259,-0.00650986964636148,-0.0096363435522861,-0.00546403407321797,0.002436345568343,0.00809582969792633,0.00772312356625117,0.00178123327159042,-0.00530365138769264,-0.00822996284184193,-0.00472018572762378,0.00205560045896278,0.00800048532528396
"35",0.126824222933501,0.0236338389642406,-0.0718859661742623,-0.0960530201818019,-0.0414133160280397,0.0447216990592736,0.0946881345120165,0.0710859284792254,-0.00696026822318195,-0.0790666573636286,-0.0902976423047441,-0.0326605104912136,0.0497952934539571,0.0943624781996932,0.0675145364193507,-0.0103020353476695,-0.080302958112554,-0.0894446437586458,-0.0308173198658467,0.0510074828363071,0.0941158057761133,0.0660928229386238,-0.0117544499718882,-0.0805523692414776,-0.0882658734644341,-0.0285210528960281,0.0559991940425191,0.0985644262804063,0.0670667545035478,-0.0150037175222971,-0.0861067709639165,-0.0926607157292335,-0.0293133282030194,0.056569100544944,0.100420571140725,0.0689950598465477,-0.0147466124520645,-0.0882635666854453,-0.0959820899600603,-0.0312806737136581,0.0581411977384058,0.104917486987967,0.072992635491333,-0.0153654451033863,-0.0956544797435763,-0.107498608940545,-0.0377810983446722,0.0701635542899603,0.147739735230435,0.151229631558678
"36",0.232020362255705,0.0380271313795676,-0.136659159056864,-0.17653935692767,-0.0708220466999682,0.0886588643400877,0.17634523674864,0.126450226172033,-0.0203344450257345,-0.150507953001858,-0.164665147258547,-0.0529892713301557,0.0986644732660721,0.174991219204046,0.118550032759509,-0.0274730422470256,-0.152391496726098,-0.16164749900927,-0.0485335532611298,0.101025430157207,0.173918913440921,0.115322621894561,-0.0301871623810369,-0.152585455798794,-0.159415111077441,-0.0443588073942804,0.110167033801807,0.181948361729846,0.116809914651354,-0.0364828257013496,-0.162838676646571,-0.167012392050334,-0.0452615751978613,0.111285525294899,0.184926390420582,0.119742913299048,-0.036234937760865,-0.166535740810014,-0.172740601908635,-0.0486556388433709,0.114205884259401,0.193577461179658,0.128146562287942,-0.0365929776873708,-0.180566361921582,-0.195451181099479,-0.062173404728789,0.135939672169167,0.273948209853549,0.274419980773676
"37",0.306049080873367,0.0471967782528608,-0.183162153244297,-0.233298228949963,-0.0905837113551723,0.120860729525208,0.234378630394849,0.164737284154601,-0.0311403691759543,-0.201829601407323,-0.216851017155746,-0.0660029015235115,0.134459758819102,0.232141905744432,0.153508784093893,-0.0411653704400226,-0.204122092504199,-0.212063125103657,-0.0595171793494427,0.137681206905378,0.230414400891285,0.148930479139427,-0.0447824483687636,-0.20426344273624,-0.209108766425639,-0.0540472817857399,0.149747029794581,0.240954802920797,0.150721314526473,-0.0533113036813579,-0.217871762981721,-0.218900943424091,-0.0549255850002437,0.151280829295203,0.244668587715246,0.154270291772239,-0.053116386936811,-0.222645309064889,-0.226313820318732,-0.0593148213375708,0.155184041668985,0.256387526026851,0.166034274667149,-0.0531280415424104,-0.2414604576996,-0.257240759196944,-0.0781109579024956,0.183673670691715,0.363534326626776,0.360845651443474
"38",0.338909008209193,0.0501021075333459,-0.204914122663726,-0.258641307231203,-0.0982044934332522,0.13671483646663,0.260813537648398,0.180883919553599,-0.0376818335922558,-0.225944976260589,-0.2398571362239,-0.0701582263795134,0.152154866772872,0.258088836457013,0.167860444976789,-0.0493045089768729,-0.228436417132653,-0.234015004695617,-0.0625173151286763,0.155871138332655,0.256017654430617,0.162584520736647,-0.0533631270932439,-0.228558446923391,-0.23078054954463,-0.056496888374127,0.169260037188402,0.26768261615756,0.164440915653441,-0.0630208689086156,-0.243764540681228,-0.24151226450828,-0.0572379256443451,0.171071084014542,0.271720969567625,0.168175815894578,-0.0629282879693342,-0.249054507972956,-0.249698487596488,-0.062067048554912,0.175460831709745,0.284997855287688,0.181780796336115,-0.0625536966710228,-0.270123550677805,-0.284716126590126,-0.0836620408498907,0.206842182239977,0.404534518429108,0.399123469594176
"39",0.326310307758305,0.0463448700034846,-0.199044607189249,-0.249171052772838,-0.092638192989909,0.134111145807024,0.252079198914821,0.172656050571586,-0.0391274923470565,-0.219600413003005,-0.230522953152441,-0.0648255528248789,0.149380655544707,0.249267538663927,0.159551391641803,-0.0508704919198056,-0.222021790482647,-0.224423149634916,-0.0570014302873948,0.153187653037201,0.247206722476537,0.154308297568979,-0.0548851802519928,-0.222206950839062,-0.221409674610641,-0.0512415270181002,0.166145904271734,0.258467334443622,0.155964528548333,-0.0644354055066956,-0.237036363359921,-0.231669056395752,-0.0517106992798866,0.168078359392774,0.262371119087079,0.159400438195978,-0.0645232631943626,-0.242238552466326,-0.239605165897339,-0.0563175458876568,0.172463408559909,0.275558425813901,0.173115778275138,-0.0638226152406249,-0.262844597964831,-0.274160671356796,-0.077906341366074,0.202549380673504,0.391549142036428,0.384065409685691
"40",0.269638784941358,0.0362348180427375,-0.166407619795744,-0.206111260455465,-0.0745682606743653,0.113392572441077,0.209281823652319,0.141107991382389,-0.0352422436936514,-0.18353191185818,-0.190028464946549,-0.0507746802457842,0.126353404504851,0.206718122287603,0.12969731213506,-0.0454996528326335,-0.185549814179023,-0.184487642573534,-0.0438005346250087,0.12976983193757,0.204968498295851,0.125192507864591,-0.0489562492076729,-0.185796236949361,-0.182108257964209,-0.0390731030761153,0.140550259200077,0.214296804834068,0.12640855618605,-0.0571171054002118,-0.198244577693412,-0.190511250374981,-0.0392208142022069,0.142337473413078,0.21754532600635,0.129080429968656,-0.0574029105413476,-0.202696107647429,-0.197141416949518,-0.0429485606701376,0.146196433998424,0.22892195473212,0.141073877296341,-0.0564670805320621,-0.220056125968188,-0.226579412906815,-0.061648006889624,0.17087128062761,0.325637667523675,0.317135779415136
"41",0.176023166358009,0.020934808055799,-0.111277982653356,-0.134986352896622,-0.0462211946131875,0.0773199069749305,0.137946531487007,0.0902026526737136,-0.0266931040689552,-0.122473703478865,-0.123550258772849,-0.0296951900728811,0.0861428130832548,0.135950987820047,0.0820843922471625,-0.0339963038298576,-0.123804880123733,-0.119358209101771,-0.0245367074504614,0.0887482665892791,0.134813410243967,0.0789543713258009,-0.0364582437725616,-0.12413577347328,-0.117969662666633,-0.0214751852287469,0.0959047638620445,0.140950517350536,0.0795550940431255,-0.0421364507459642,-0.132525723782617,-0.123391412448376,-0.0212990058417753,0.0973183053661558,0.143144328543254,0.0811448353239187,-0.0425871583231028,-0.13568084705257,-0.127874142612739,-0.0236197353701301,0.100230473281668,0.151271298026769,0.0898156931366596,-0.0415845776861721,-0.147498685830821,-0.148218471203986,-0.0368848533733949,0.116148853651136,0.215581515557226,0.207132617945202
"42",0.0584154381787849,0.00284936145067625,-0.0408539386521511,-0.0454221771816268,-0.0117476455501556,0.0303749857450597,0.0475236643422254,0.0269529091608361,-0.0143031909731754,-0.0444133049262278,-0.0400719274474088,-0.00468327084779027,0.0338992055438839,0.0463831112499185,0.0232235950156456,-0.0176678042517277,-0.0448820096954223,-0.0377620522997707,-0.00197232598697075,0.0353696576770317,0.0460000701079724,0.0218552670571522,-0.0188333959287156,-0.0452549764836588,-0.0375200119899127,-0.000953259094624427,0.0379268930614856,0.0480609777945112,0.0216992979942117,-0.0212855515037254,-0.0484285720291583,-0.0391778901351212,-0.000437546417915933,0.038812660556328,0.048915384708596,0.0219733281101468,-0.0218764674514859,-0.0498629929550589,-0.0408530908915543,-0.000964909719408962,0.0404189538296716,0.0526724249029047,0.0261027531970454,-0.0209392253858743,-0.0544645154841297,-0.0492466002088422,-0.00691510801217613,0.0453935339167247,0.0756645723366653,0.0683812810816996
"43",-0.0679642637614212,-0.0157846340145677,0.0356091724714678,0.0509332058126452,0.0243859438584499,-0.0213397861965261,-0.0502299732440471,-0.0404367298972606,0.000303364293663329,0.0404870155817251,0.0495606318123491,0.0210076501804129,-0.0236117513260572,-0.0503562274589938,-0.0392090260647943,0.00140476482326383,0.0409806045181923,0.0496669278695441,0.0208974490298393,-0.0234679708091663,-0.0499226577858724,-0.0386511111119743,0.00164953490815584,0.0405876527162105,0.0487547106345536,0.0198053256857714,-0.0258479253116067,-0.0522753435343916,-0.0396036852483051,0.00275313682345942,0.043110082476198,0.0511502992481038,0.0206229296144434,-0.0255765895252294,-0.0528552783599279,-0.0406901035868393,0.00207272544291422,0.0435831897419367,0.0525531058921866,0.0220463900364719,-0.0254211338050674,-0.0539875088081409,-0.0417549544272536,0.00272399387866735,0.0468509594315203,0.0574681476097897,0.0245221422901551,-0.0319123402420067,-0.0756062554487229,-0.08081288312709
"44",-0.186579588094626,-0.0322874953583304,0.108345143140315,0.141425550348678,0.0572084286932225,-0.0713191321020444,-0.142659849989303,-0.103076010541365,0.0154333740001787,0.121329385994765,0.133683256804651,0.0438956575945701,-0.0790959009955872,-0.141816406813007,-0.0970792481738691,0.0208944708241148,0.122798069796565,0.131645869226573,0.0410213516073436,-0.0803157103215514,-0.14065361181488,-0.0947013680999642,0.0225079812831221,0.122450326939291,0.12971753414032,0.0379961213035468,-0.0873501786017008,-0.147187063098947,-0.0963831944822212,0.0270291820660864,0.130430820631975,0.13599092913342,0.0390774125610128,-0.0877043830824291,-0.149157927599509,-0.0987440061152515,0.026324755197882,0.132787478202295,0.140367476057626,0.0423403042365366,-0.088982499509333,-0.155047373797199,-0.104910508751866,0.026597794297288,0.143578662869291,0.158123421737806,0.0531322299600801,-0.106032989538564,-0.218685686150908,-0.220943192457415
"45",-0.282610275862237,-0.0451103439698206,0.167534019578983,0.214397884168469,0.0828828916119124,-0.11269388086313,-0.217695917270107,-0.153098624697964,0.0287527695806623,0.187426567282398,0.201472724369407,0.0612733987651176,-0.125117619238713,-0.216079570236419,-0.143036879448098,0.0380392243315354,0.189838294320005,0.197619969367276,0.0559879711910141,-0.127646705575219,-0.214445175569788,-0.13919248394645,0.0408478020175893,0.189659708237363,0.194971282393585,0.0514461169235487,-0.138475473612738,-0.224382965909117,-0.141409347693773,0.0482752141151601,0.202203395213381,0.20444244795365,0.0526538860523746,-0.139472427647033,-0.227566431949354,-0.144764863384914,0.0476797772002945,0.20622795772995,0.211339517254026,0.0574082884942231,-0.142028182102106,-0.237547210470001,-0.155351757006513,0.0475009947138184,0.223250708906126,0.23986117902632,0.0753931196214583,-0.167241551781463,-0.335035449002418,-0.333810577523179
"46",-0.344037728660297,-0.0531308530373577,0.205166067927729,0.260399498266923,0.0983722666718981,-0.139721913642195,-0.265428395089288,-0.184192683866254,0.0381542859975355,0.229900044126244,0.244147034953884,0.0712012127525559,-0.155355543419194,-0.263372434260111,-0.171303553065786,0.050242514462702,0.23311600102165,0.239022929738361,0.064114664654087,-0.158982522368177,-0.261547519471159,-0.166448836165765,0.0539882131665252,0.233202591860456,0.235982381410637,0.0586214759942962,-0.172251612237596,-0.273621820651273,-0.168885746568893,0.0634562097991171,0.248813423499123,0.247529252807025,0.059776154335571,-0.17383462843429,-0.277658826881333,-0.172787773157429,0.0631200169737137,0.254056455945078,0.256081691679193,0.0654015931964543,-0.177346569308294,-0.290429191388968,-0.186375778737553,0.0625783721751881,0.275185735168992,0.291800745399123,0.0884423856420033,-0.207208921439795,-0.40905199155542,-0.404468067933895
"47",-0.362189871797911,-0.0546888859994565,0.216523782360438,0.273117694431371,0.101182919871306,-0.149193150255091,-0.279587627055689,-0.191924478026172,0.0427832052854348,0.243298792518971,0.255885650354202,0.0719803083456075,-0.166102771086373,-0.277449906522684,-0.177866563822274,0.0562299960775509,0.247068087485205,0.250257414623258,0.0640262447324534,-0.170443695331029,-0.275794021542059,-0.172705727544497,0.0604744819945014,0.247530521623845,0.24731332849029,0.0583504698270484,-0.184482656278848,-0.288513121642686,-0.175069581670864,0.0708238315215481,0.264331131471979,0.259595872986301,0.0593313162067579,-0.186498626525226,-0.292978486887207,-0.179064140229192,0.0708423360864095,0.270236485591695,0.268843000071155,0.0651826933207887,-0.190537317195944,-0.306991682820823,-0.193979997312684,0.0700350629871812,0.292937256528999,0.307453082723351,0.0906061842118013,-0.22099968916033,-0.431395148195469,-0.423858777398801
"48",-0.336892845757598,-0.0511363195334978,0.199956735042746,0.25195238225667,0.0922630591411494,-0.139341978482299,-0.258978684898525,-0.176658984843603,0.041037097775474,0.226033068998755,0.236363773507324,0.0648721152903699,-0.155509449264357,-0.25726797968425,-0.163309656219102,0.0542625536423674,0.230113030435233,0.231072615694545,0.0569839559224906,-0.160198259045028,-0.256111987810336,-0.158441173037173,0.0586413160458876,0.231045506465163,0.228615505515093,0.0517702654610837,-0.173331682707763,-0.267923659453989,-0.160396584160643,0.068700734400706,0.24710444923329,0.240267469418462,0.052505690657506,-0.175607385940378,-0.272366593691828,-0.164000102856214,0.0691702114643104,0.253038677043089,0.249041179446635,0.0577214457972139,-0.179803415236505,-0.285857088287982,-0.178193299317651,0.0684241355736047,0.274651846516677,0.285826519471819,0.0824646159548254,-0.206925501801219,-0.400366450775893,-0.391068226468238
"49",-0.272247718885407,-0.0429880533461832,0.158128832950773,0.200222934736649,0.0728194406464503,-0.111948380513929,-0.206857554002054,-0.140460067740995,0.0335951586159934,0.180904320900009,0.188256390482101,0.0504395460695828,-0.12549558464132,-0.205788449423845,-0.129377543267115,0.0450736794878157,0.184884668261764,0.184017787692809,0.0435439358782784,-0.130011789573903,-0.205210738189029,-0.125265733631342,0.0491374664487507,0.186100168916757,0.182164997163745,0.0393812428643326,-0.140547034459653,-0.214497966246286,-0.126411277891682,0.0577690988275903,0.199463870008052,0.191740908975976,0.0397292618388995,-0.142767656360601,-0.218268563465634,-0.129091390648413,0.0586219607911462,0.20461311591563,0.198862583567281,0.0436219304235688,-0.146486159857895,-0.229284528430266,-0.140488249916006,0.0581174564526189,0.222195760905779,0.228915315521516,0.0645755343471285,-0.166477492091368,-0.318888211906387,-0.309136501327498
"50",-0.175339074834954,-0.0303631433359144,0.0969023415860342,0.124255317949597,0.0446731332000273,-0.0709169454919143,-0.129679079758712,-0.0874185319700864,0.0218949483895119,0.113812438676743,0.117357208841234,0.0298576080858712,-0.0803575489307913,-0.129338988922561,-0.0796380690575005,0.030488387687762,0.117124778074345,0.114427540764538,0.0247445501941736,-0.0838825747179899,-0.129130324925818,-0.0767978850376809,0.0334422073120779,0.118181341359296,0.113372589991917,0.0223605707770273,-0.090284389453699,-0.134617401222635,-0.0769471359651776,0.0395547914238563,0.12712450417994,0.119622018170003,0.0222736031708369,-0.0920398071672041,-0.137045849051257,-0.0782676272403085,0.0405677723800432,0.130579977475245,0.124072602252823,0.0246142405163938,-0.0942981382651131,-0.143879549299434,-0.0856430685217965,0.0398062791919193,0.141589375292058,0.143806895185151,0.0397281436644249,-0.104079456283385,-0.196905758113679,-0.188506994279565
